Date,Store,Product,ProductType,Forecast,OpeningStock,Production,AvailableForSale,Sales,ClosingStock,Loss,ForecastError,ForecastAbsoluteError,SellThroughRate,InventoryStatus,StockoutFlag,LossFlag,ProductionMethod,IsEventDay,EventName,PromotionType,PromotionTarget,SalesSource
2026-05-02,Shop_A,エクレア,regular,13,1,14,15,15,0,0,-2,2,1.0,Sold out,True,False,Previous-day preparation,False,None,None,None,inventory
2026-05-02,Shop_A,シュー,regular,32,0,36,36,35,1,0,-3,3,0.9722,Low closing stock,False,False,Previous-day preparation,False,None,None,None,inventory
2026-05-02,Shop_A,パール,regular,13,3,12,15,12,3,0,1,1,0.8,Low closing stock,False,False,Previous-day preparation,False,None,None,None,inventory
2026-05-02,Shop_A,プリン,regular,14,6,10,16,9,7,0,5,5,0.5625,Stock remaining,False,False,Previous-day preparation,False,None,None,None,inventory
2026-05-02,Shop_A,リッチエクレア,regular,8,0,9,9,9,0,0,-1,1,1.0,Sold out,True,False,Previous-day preparation,False,None,None,None,inventory
2026-05-02,Shop_A,リッチシュー,regular,17,4,15,19,19,0,0,-2,2,1.0,Sold out,True,False,Previous-day preparation,False,None,None,None,inventory
2026-05-02,Shop_A,季節シュー,seasonal,13,1,14,15,15,0,0,-2,2,1.0,Sold out,True,False,Previous-day preparation,False,None,None,None,inventory
2026-05-02,Shop_B,エクレア,regular,13,0,15,15,13,2,0,0,0,0.8667,Low closing stock,False,False,Previous-day preparation,False,None,None,None,inventory
2026-05-02,Shop_B,シュー,regular,29,0,32,32,29,3,0,0,0,0.9062,Low closing stock,False,False,Previous-day preparation,False,None,None,None,inventory
2026-05-02,Shop_B,パール,regular,9,3,7,10,10,0,0,-1,1,1.0,Sold out,True,False,Previous-day preparation,False,None,None,None,inventory
2026-05-02,Shop_B,プリン,regular,11,0,12,12,10,2,0,1,1,0.8333,Low closing stock,False,False,Previous-day preparation,False,None,None,None,inventory
2026-05-02,Shop_B,リッチエクレア,regular,8,3,6,9,5,4,0,3,3,0.5556,Low closing stock,False,False,Previous-day preparation,False,None,None,None,inventory
2026-05-02,Shop_B,リッチシュー,regular,13,3,12,15,15,0,0,-2,2,1.0,Sold out,True,False,Previous-day preparation,False,None,None,None,inventory
2026-05-02,Shop_B,季節シュー,seasonal,12,2,11,12,11,1,1,1,1,0.9167,Low closing stock,False,True,Previous-day preparation,False,None,None,None,inventory
2026-05-02,Shop_C,エクレア,regular,18,0,20,20,20,0,0,-2,2,1.0,Sold out,True,False,Previous-day preparation,False,None,None,None,inventory
2026-05-02,Shop_C,シュー,regular,41,3,43,45,39,6,1,2,2,0.8667,Stock remaining,False,True,Previous-day preparation,False,None,None,None,inventory
2026-05-02,Shop_C,パール,regular,13,2,13,15,13,2,0,0,0,0.8667,Low closing stock,False,False,Previous-day preparation,False,None,None,None,inventory
2026-05-02,Shop_C,プリン,regular,14,0,16,16,15,1,0,-1,1,0.9375,Low closing stock,False,False,Previous-day preparation,False,None,None,None,inventory
2026-05-02,Shop_C,リッチエクレア,regular,11,1,11,12,11,1,0,0,0,0.9167,Low closing stock,False,False,Previous-day preparation,False,None,None,None,inventory
2026-05-02,Shop_C,リッチシュー,regular,20,5,17,22,18,4,0,2,2,0.8182,Low closing stock,False,False,Previous-day preparation,False,None,None,None,inventory
2026-05-02,Shop_C,季節シュー,seasonal,17,0,19,19,19,0,0,-2,2,1.0,Sold out,True,False,Previous-day preparation,False,None,None,None,inventory
2026-05-03,Shop_A,エクレア,regular,16,0,18,18,16,2,0,0,0,0.8889,Low closing stock,False,False,Previous-day preparation,False,None,None,None,inventory
2026-05-03,Shop_A,シュー,regular,35,1,38,39,34,5,0,1,1,0.8718,Low closing stock,False,False,Previous-day preparation,False,None,None,None,inventory
2026-05-03,Shop_A,パール,regular,13,3,12,15,14,1,0,-1,1,0.9333,Low closing stock,False,False,Previous-day preparation,False,None,None,None,inventory
2026-05-03,Shop_A,プリン,regular,13,7,8,15,14,1,0,-1,1,0.9333,Low closing stock,False,False,Previous-day preparation,False,None,None,None,inventory
2026-05-03,Shop_A,リッチエクレア,regular,8,0,9,9,6,3,0,2,2,0.6667,Low closing stock,False,False,Previous-day preparation,False,None,None,None,inventory
2026-05-03,Shop_A,リッチシュー,regular,17,0,19,19,19,0,0,-2,2,1.0,Sold out,True,False,Previous-day preparation,False,None,None,None,inventory
2026-05-03,Shop_A,季節シュー,seasonal,12,0,13,13,11,2,0,1,1,0.8462,Low closing stock,False,False,Previous-day preparation,False,None,None,None,inventory
2026-05-03,Shop_B,エクレア,regular,12,2,11,13,12,1,0,0,0,0.9231,Low closing stock,False,False,Previous-day preparation,False,None,None,None,inventory
2026-05-03,Shop_B,シュー,regular,30,3,31,34,29,5,0,1,1,0.8529,Low closing stock,False,False,Previous-day preparation,False,None,None,None,inventory
2026-05-03,Shop_B,パール,regular,8,0,9,9,8,1,0,0,0,0.8889,Low closing stock,False,False,Previous-day preparation,False,None,None,None,inventory
2026-05-03,Shop_B,プリン,regular,10,2,9,11,11,0,0,-1,1,1.0,Sold out,True,False,Previous-day preparation,False,None,None,None,inventory
2026-05-03,Shop_B,リッチエクレア,regular,10,4,7,11,10,1,0,0,0,0.9091,Low closing stock,False,False,Previous-day preparation,False,None,None,None,inventory
2026-05-03,Shop_B,リッチシュー,regular,14,0,16,16,16,0,0,-2,2,1.0,Sold out,True,False,Previous-day preparation,False,None,None,None,inventory
2026-05-03,Shop_B,季節シュー,seasonal,12,1,12,13,11,2,0,1,1,0.8462,Low closing stock,False,False,Previous-day preparation,False,None,None,None,inventory
2026-05-03,Shop_C,エクレア,regular,15,0,17,17,17,0,0,-2,2,1.0,Sold out,True,False,Previous-day preparation,False,None,None,None,inventory
2026-05-03,Shop_C,シュー,regular,41,6,40,46,39,7,0,2,2,0.8478,Stock remaining,False,False,Previous-day preparation,False,None,None,None,inventory
2026-05-03,Shop_C,パール,regular,14,2,14,16,11,5,0,3,3,0.6875,Low closing stock,False,False,Previous-day preparation,False,None,None,None,inventory
2026-05-03,Shop_C,プリン,regular,16,1,17,18,14,4,0,2,2,0.7778,Low closing stock,False,False,Previous-day preparation,False,None,None,None,inventory
2026-05-03,Shop_C,リッチエクレア,regular,13,1,14,15,14,1,0,-1,1,0.9333,Low closing stock,False,False,Previous-day preparation,False,None,None,None,inventory
2026-05-03,Shop_C,リッチシュー,regular,24,4,23,27,21,6,0,3,3,0.7778,Stock remaining,False,False,Previous-day preparation,False,None,None,None,inventory
2026-05-03,Shop_C,季節シュー,seasonal,16,0,18,18,18,0,0,-2,2,1.0,Sold out,True,False,Previous-day preparation,False,None,None,None,inventory
2026-05-04,Shop_A,エクレア,regular,16,2,16,18,12,6,0,4,4,0.6667,Stock remaining,False,False,Previous-day preparation,False,None,None,None,inventory
2026-05-04,Shop_A,シュー,regular,32,5,31,36,30,6,0,2,2,0.8333,Stock remaining,False,False,Previous-day preparation,False,None,None,None,inventory
2026-05-04,Shop_A,パール,regular,11,1,11,12,11,1,0,0,0,0.9167,Low closing stock,False,False,Previous-day preparation,False,None,None,None,inventory
2026-05-04,Shop_A,プリン,regular,11,1,11,12,12,0,0,-1,1,1.0,Sold out,True,False,Previous-day preparation,False,None,None,None,inventory
2026-05-04,Shop_A,リッチエクレア,regular,9,3,7,10,8,2,0,1,1,0.8,Low closing stock,False,False,Previous-day preparation,False,None,None,None,inventory
2026-05-04,Shop_A,リッチシュー,regular,17,0,19,19,18,1,0,-1,1,0.9474,Low closing stock,False,False,Previous-day preparation,False,None,None,None,inventory
2026-05-04,Shop_A,季節シュー,seasonal,11,2,10,12,12,0,0,-1,1,1.0,Sold out,True,False,Previous-day preparation,False,None,None,None,inventory
2026-05-04,Shop_B,エクレア,regular,10,1,10,11,11,0,0,-1,1,1.0,Sold out,True,False,Previous-day preparation,False,None,None,None,inventory
2026-05-04,Shop_B,シュー,regular,24,5,22,27,24,3,0,0,0,0.8889,Low closing stock,False,False,Previous-day preparation,False,None,None,None,inventory
2026-05-04,Shop_B,パール,regular,11,1,11,12,11,1,0,0,0,0.9167,Low closing stock,False,False,Previous-day preparation,False,None,None,None,inventory
2026-05-04,Shop_B,プリン,regular,8,0,9,9,6,3,0,2,2,0.6667,Low closing stock,False,False,Previous-day preparation,False,None,None,None,inventory
2026-05-04,Shop_B,リッチエクレア,regular,5,1,5,5,5,0,1,0,0,1.0,Sold out,True,True,Previous-day preparation,False,None,None,None,inventory
2026-05-04,Shop_B,リッチシュー,regular,13,0,15,15,11,4,0,2,2,0.7333,Low closing stock,False,False,Previous-day preparation,False,None,None,None,inventory
2026-05-04,Shop_B,季節シュー,seasonal,10,2,9,11,9,2,0,1,1,0.8182,Low closing stock,False,False,Previous-day preparation,False,None,None,None,inventory
2026-05-04,Shop_C,エクレア,regular,14,0,16,16,13,3,0,1,1,0.8125,Low closing stock,False,False,Previous-day preparation,False,None,None,None,inventory
2026-05-04,Shop_C,シュー,regular,34,7,31,38,36,2,0,-2,2,0.9474,Low closing stock,False,False,Previous-day preparation,False,None,None,None,inventory
2026-05-04,Shop_C,パール,regular,10,5,6,10,10,0,1,0,0,1.0,Sold out,True,True,Previous-day preparation,False,None,None,None,inventory
2026-05-04,Shop_C,プリン,regular,12,4,9,13,9,4,0,3,3,0.6923,Low closing stock,False,False,Previous-day preparation,False,None,None,None,inventory
2026-05-04,Shop_C,リッチエクレア,regular,9,1,9,10,10,0,0,-1,1,1.0,Sold out,True,False,Previous-day preparation,False,None,None,None,inventory
2026-05-04,Shop_C,リッチシュー,regular,19,6,15,21,18,3,0,1,1,0.8571,Low closing stock,False,False,Previous-day preparation,False,None,None,None,inventory
2026-05-04,Shop_C,季節シュー,seasonal,15,0,17,17,14,3,0,1,1,0.8235,Low closing stock,False,False,Previous-day preparation,False,None,None,None,inventory
2026-05-05,Shop_A,エクレア,regular,12,6,7,13,10,3,0,2,2,0.7692,Low closing stock,False,False,Previous-day preparation,False,None,None,None,inventory
2026-05-05,Shop_A,シュー,regular,32,6,30,36,28,8,0,4,4,0.7778,Stock remaining,False,False,Previous-day preparation,False,None,None,None,inventory
2026-05-05,Shop_A,パール,regular,8,1,8,9,7,2,0,1,1,0.7778,Low closing stock,False,False,Previous-day preparation,False,None,None,None,inventory
2026-05-05,Shop_A,プリン,regular,13,0,15,15,10,5,0,3,3,0.6667,Low closing stock,False,False,Previous-day preparation,False,None,None,None,inventory
2026-05-05,Shop_A,リッチエクレア,regular,10,2,9,11,9,2,0,1,1,0.8182,Low closing stock,False,False,Previous-day preparation,False,None,None,None,inventory
2026-05-05,Shop_A,リッチシュー,regular,17,1,18,19,15,4,0,2,2,0.7895,Low closing stock,False,False,Previous-day preparation,False,None,None,None,inventory
2026-05-05,Shop_A,季節シュー,seasonal,12,0,13,13,11,2,0,1,1,0.8462,Low closing stock,False,False,Previous-day preparation,False,None,None,None,inventory
2026-05-05,Shop_B,エクレア,regular,8,0,9,9,7,2,0,1,1,0.7778,Low closing stock,False,False,Previous-day preparation,False,None,None,None,inventory
2026-05-05,Shop_B,シュー,regular,24,3,24,27,25,2,0,-1,1,0.9259,Low closing stock,False,False,Previous-day preparation,False,None,None,None,inventory
2026-05-05,Shop_B,パール,regular,7,1,7,8,8,0,0,-1,1,1.0,Sold out,True,False,Previous-day preparation,False,None,None,None,inventory
2026-05-05,Shop_B,プリン,regular,8,3,6,8,8,0,1,0,0,1.0,Sold out,True,True,Previous-day preparation,False,None,None,None,inventory
2026-05-05,Shop_B,リッチエクレア,regular,6,0,7,7,7,0,0,-1,1,1.0,Sold out,True,False,Previous-day preparation,False,None,None,None,inventory
2026-05-05,Shop_B,リッチシュー,regular,16,4,14,18,9,9,0,7,7,0.5,Stock remaining,False,False,Previous-day preparation,False,None,None,None,inventory
2026-05-05,Shop_B,季節シュー,seasonal,10,2,9,11,8,3,0,2,2,0.7273,Low closing stock,False,False,Previous-day preparation,False,None,None,None,inventory
2026-05-05,Shop_C,エクレア,regular,16,3,15,18,15,3,0,1,1,0.8333,Low closing stock,False,False,Previous-day preparation,False,None,None,None,inventory
2026-05-05,Shop_C,シュー,regular,37,2,39,41,35,6,0,2,2,0.8537,Stock remaining,False,False,Previous-day preparation,False,None,None,None,inventory
2026-05-05,Shop_C,パール,regular,12,0,13,13,9,4,0,3,3,0.6923,Low closing stock,False,False,Previous-day preparation,False,None,None,None,inventory
2026-05-05,Shop_C,プリン,regular,12,4,9,13,12,1,0,0,0,0.9231,Low closing stock,False,False,Previous-day preparation,False,None,None,None,inventory
2026-05-05,Shop_C,リッチエクレア,regular,9,0,10,10,10,0,0,-1,1,1.0,Sold out,True,False,Previous-day preparation,False,None,None,None,inventory
2026-05-05,Shop_C,リッチシュー,regular,20,3,19,22,18,4,0,2,2,0.8182,Low closing stock,False,False,Previous-day preparation,False,None,None,None,inventory
2026-05-05,Shop_C,季節シュー,seasonal,13,3,12,15,10,5,0,3,3,0.6667,Low closing stock,False,False,Previous-day preparation,False,None,None,None,inventory
2026-05-06,Shop_A,エクレア,regular,11,3,9,12,12,0,0,-1,1,1.0,Sold out,True,False,Previous-day preparation,False,None,None,None,inventory
2026-05-06,Shop_A,シュー,regular,30,8,26,34,32,2,0,-2,2,0.9412,Low closing stock,False,False,Previous-day preparation,False,None,None,None,inventory
2026-05-06,Shop_A,パール,regular,8,2,7,9,9,0,0,-1,1,1.0,Sold out,True,False,Previous-day preparation,False,None,None,None,inventory
2026-05-06,Shop_A,プリン,regular,10,5,6,11,11,0,0,-1,1,1.0,Sold out,True,False,Previous-day preparation,False,None,None,None,inventory
2026-05-06,Shop_A,リッチエクレア,regular,11,2,10,12,8,4,0,3,3,0.6667,Low closing stock,False,False,Previous-day preparation,False,None,None,None,inventory
2026-05-06,Shop_A,リッチシュー,regular,16,4,14,18,15,3,0,1,1,0.8333,Low closing stock,False,False,Previous-day preparation,False,None,None,None,inventory
2026-05-06,Shop_A,季節シュー,seasonal,12,2,11,13,12,1,0,0,0,0.9231,Low closing stock,False,False,Previous-day preparation,False,None,None,None,inventory
2026-05-06,Shop_B,エクレア,regular,10,2,9,11,6,5,0,4,4,0.5455,Low closing stock,False,False,Previous-day preparation,False,None,None,None,inventory
2026-05-06,Shop_B,シュー,regular,22,2,23,25,24,1,0,-2,2,0.96,Low closing stock,False,False,Previous-day preparation,False,None,None,None,inventory
2026-05-06,Shop_B,パール,regular,6,0,7,7,7,0,0,-1,1,1.0,Sold out,True,False,Previous-day preparation,False,None,None,None,inventory
2026-05-06,Shop_B,プリン,regular,10,0,11,11,7,4,0,3,3,0.6364,Low closing stock,False,False,Previous-day preparation,False,None,None,None,inventory
2026-05-06,Shop_B,リッチエクレア,regular,10,0,11,11,4,7,0,6,6,0.3636,Stock remaining,False,False,Previous-day preparation,False,None,None,None,inventory
2026-05-06,Shop_B,リッチシュー,regular,15,9,8,17,15,2,0,0,0,0.8824,Low closing stock,False,False,Previous-day preparation,False,None,None,None,inventory
2026-05-06,Shop_B,季節シュー,seasonal,11,3,9,11,10,1,1,1,1,0.9091,Low closing stock,False,True,Previous-day preparation,False,None,None,None,inventory
2026-05-06,Shop_C,エクレア,regular,12,3,10,13,13,0,0,-1,1,1.0,Sold out,True,False,Previous-day preparation,False,None,None,None,inventory
2026-05-06,Shop_C,シュー,regular,33,6,31,37,33,4,0,0,0,0.8919,Low closing stock,False,False,Previous-day preparation,False,None,None,None,inventory
2026-05-06,Shop_C,パール,regular,10,4,7,11,11,0,0,-1,1,1.0,Sold out,True,False,Previous-day preparation,False,None,None,None,inventory
2026-05-06,Shop_C,プリン,regular,11,1,11,12,12,0,0,-1,1,1.0,Sold out,True,False,Previous-day preparation,False,None,None,None,inventory
2026-05-06,Shop_C,リッチエクレア,regular,10,0,11,11,10,1,0,0,0,0.9091,Low closing stock,False,False,Previous-day preparation,False,None,None,None,inventory
2026-05-06,Shop_C,リッチシュー,regular,17,4,15,19,19,0,0,-2,2,1.0,Sold out,True,False,Previous-day preparation,False,None,None,None,inventory
2026-05-06,Shop_C,季節シュー,seasonal,13,5,10,15,15,0,0,-2,2,1.0,Sold out,True,False,Previous-day preparation,False,None,None,None,inventory
2026-05-07,Shop_A,エクレア,regular,12,0,13,13,13,0,0,-1,1,1.0,Sold out,True,False,Previous-day preparation,False,None,None,None,inventory
2026-05-07,Shop_A,シュー,regular,29,2,30,32,28,4,0,1,1,0.875,Low closing stock,False,False,Previous-day preparation,False,None,None,None,inventory
2026-05-07,Shop_A,パール,regular,12,0,13,13,7,6,0,5,5,0.5385,Stock remaining,False,False,Previous-day preparation,False,None,None,None,inventory
2026-05-07,Shop_A,プリン,regular,12,0,13,13,11,2,0,1,1,0.8462,Low closing stock,False,False,Previous-day preparation,False,None,None,None,inventory
2026-05-07,Shop_A,リッチエクレア,regular,7,4,4,8,8,0,0,-1,1,1.0,Sold out,True,False,Previous-day preparation,False,None,None,None,inventory
2026-05-07,Shop_A,リッチシュー,regular,15,3,14,17,16,1,0,-1,1,0.9412,Low closing stock,False,False,Previous-day preparation,False,None,None,None,inventory
2026-05-07,Shop_A,季節シュー,seasonal,11,1,11,12,8,4,0,3,3,0.6667,Low closing stock,False,False,Previous-day preparation,False,None,None,None,inventory
2026-05-07,Shop_B,エクレア,regular,11,5,7,12,6,6,0,5,5,0.5,Stock remaining,False,False,Previous-day preparation,False,None,None,None,inventory
2026-05-07,Shop_B,シュー,regular,22,1,24,25,25,0,0,-3,3,1.0,Sold out,True,False,Previous-day preparation,False,None,None,None,inventory
2026-05-07,Shop_B,パール,regular,9,0,10,10,8,2,0,1,1,0.8,Low closing stock,False,False,Previous-day preparation,False,None,None,None,inventory
2026-05-07,Shop_B,プリン,regular,8,4,5,8,8,0,1,0,0,1.0,Sold out,True,True,Previous-day preparation,False,None,None,None,inventory
2026-05-07,Shop_B,リッチエクレア,regular,11,7,5,12,9,3,0,2,2,0.75,Low closing stock,False,False,Previous-day preparation,False,None,None,None,inventory
2026-05-07,Shop_B,リッチシュー,regular,13,2,13,15,13,2,0,0,0,0.8667,Low closing stock,False,False,Previous-day preparation,False,None,None,None,inventory
2026-05-07,Shop_B,季節シュー,seasonal,10,1,10,11,11,0,0,-1,1,1.0,Sold out,True,False,Previous-day preparation,False,None,None,None,inventory
2026-05-07,Shop_C,エクレア,regular,14,0,16,16,14,2,0,0,0,0.875,Low closing stock,False,False,Previous-day preparation,False,None,None,None,inventory
2026-05-07,Shop_C,シュー,regular,34,4,34,38,35,3,0,-1,1,0.9211,Low closing stock,False,False,Previous-day preparation,False,None,None,None,inventory
2026-05-07,Shop_C,パール,regular,11,0,12,12,8,4,0,3,3,0.6667,Low closing stock,False,False,Previous-day preparation,False,None,None,None,inventory
2026-05-07,Shop_C,プリン,regular,11,0,12,12,12,0,0,-1,1,1.0,Sold out,True,False,Previous-day preparation,False,None,None,None,inventory
2026-05-07,Shop_C,リッチエクレア,regular,9,1,9,10,5,5,0,4,4,0.5,Low closing stock,False,False,Previous-day preparation,False,None,None,None,inventory
2026-05-07,Shop_C,リッチシュー,regular,18,0,20,20,16,4,0,2,2,0.8,Low closing stock,False,False,Previous-day preparation,False,None,None,None,inventory
2026-05-07,Shop_C,季節シュー,seasonal,13,0,15,15,14,1,0,-1,1,0.9333,Low closing stock,False,False,Previous-day preparation,False,None,None,None,inventory
2026-05-08,Shop_A,エクレア,regular,13,0,15,15,11,4,0,2,2,0.7333,Low closing stock,False,False,Previous-day preparation,False,None,None,None,inventory
2026-05-08,Shop_A,シュー,regular,30,4,30,34,27,7,0,3,3,0.7941,Stock remaining,False,False,Previous-day preparation,False,None,None,None,inventory
2026-05-08,Shop_A,パール,regular,9,6,4,10,9,1,0,0,0,0.9,Low closing stock,False,False,Previous-day preparation,False,None,None,None,inventory
2026-05-08,Shop_A,プリン,regular,9,2,8,10,10,0,0,-1,1,1.0,Sold out,True,False,Previous-day preparation,False,None,None,None,inventory
2026-05-08,Shop_A,リッチエクレア,regular,10,0,11,11,7,4,0,3,3,0.6364,Low closing stock,False,False,Previous-day preparation,False,None,None,None,inventory
2026-05-08,Shop_A,リッチシュー,regular,17,1,18,19,15,4,0,2,2,0.7895,Low closing stock,False,False,Previous-day preparation,False,None,None,None,inventory
2026-05-08,Shop_A,季節シュー,seasonal,10,4,7,11,8,3,0,2,2,0.7273,Low closing stock,False,False,Previous-day preparation,False,None,None,None,inventory
2026-05-08,Shop_B,エクレア,regular,11,6,6,12,12,0,0,-1,1,1.0,Sold out,True,False,Previous-day preparation,False,None,None,None,inventory
2026-05-08,Shop_B,シュー,regular,21,0,24,24,24,0,0,-3,3,1.0,Sold out,True,False,Previous-day preparation,False,None,None,None,inventory
2026-05-08,Shop_B,パール,regular,9,2,8,10,5,5,0,4,4,0.5,Low closing stock,False,False,Previous-day preparation,False,None,None,None,inventory
2026-05-08,Shop_B,プリン,regular,11,0,12,12,8,4,0,3,3,0.6667,Low closing stock,False,False,Previous-day preparation,False,None,None,None,inventory
2026-05-08,Shop_B,リッチエクレア,regular,8,3,6,9,8,1,0,0,0,0.8889,Low closing stock,False,False,Previous-day preparation,False,None,None,None,inventory
2026-05-08,Shop_B,リッチシュー,regular,13,2,13,15,14,1,0,-1,1,0.9333,Low closing stock,False,False,Previous-day preparation,False,None,None,None,inventory
2026-05-08,Shop_B,季節シュー,seasonal,10,0,11,11,9,2,0,1,1,0.8182,Low closing stock,False,False,Previous-day preparation,False,None,None,None,inventory
2026-05-08,Shop_C,エクレア,regular,16,2,16,18,12,6,0,4,4,0.6667,Stock remaining,False,False,Previous-day preparation,False,None,None,None,inventory
2026-05-08,Shop_C,シュー,regular,32,3,33,36,30,6,0,2,2,0.8333,Stock remaining,False,False,Previous-day preparation,False,None,None,None,inventory
2026-05-08,Shop_C,パール,regular,10,4,7,10,10,0,1,0,0,1.0,Sold out,True,True,Previous-day preparation,False,None,None,None,inventory
2026-05-08,Shop_C,プリン,regular,11,0,12,12,12,0,0,-1,1,1.0,Sold out,True,False,Previous-day preparation,False,None,None,None,inventory
2026-05-08,Shop_C,リッチエクレア,regular,12,5,8,13,10,3,0,2,2,0.7692,Low closing stock,False,False,Previous-day preparation,False,None,None,None,inventory
2026-05-08,Shop_C,リッチシュー,regular,18,4,16,20,18,2,0,0,0,0.9,Low closing stock,False,False,Previous-day preparation,False,None,None,None,inventory
2026-05-08,Shop_C,季節シュー,seasonal,14,1,15,16,13,3,0,1,1,0.8125,Low closing stock,False,False,Previous-day preparation,False,None,None,None,inventory
2026-05-09,Shop_A,エクレア,regular,15,4,13,17,11,6,0,4,4,0.6471,Stock remaining,False,False,Previous-day preparation,False,None,None,None,inventory
2026-05-09,Shop_A,シュー,regular,32,7,29,36,33,3,0,-1,1,0.9167,Low closing stock,False,False,Previous-day preparation,False,None,None,None,inventory
2026-05-09,Shop_A,パール,regular,12,1,12,13,11,2,0,1,1,0.8462,Low closing stock,False,False,Previous-day preparation,False,None,None,None,inventory
2026-05-09,Shop_A,プリン,regular,11,0,12,12,8,4,0,3,3,0.6667,Low closing stock,False,False,Previous-day preparation,False,None,None,None,inventory
2026-05-09,Shop_A,リッチエクレア,regular,12,4,9,13,13,0,0,-1,1,1.0,Sold out,True,False,Previous-day preparation,False,None,None,None,inventory
2026-05-09,Shop_A,リッチシュー,regular,18,4,16,20,17,3,0,1,1,0.85,Low closing stock,False,False,Previous-day preparation,False,None,None,None,inventory
2026-05-09,Shop_A,季節シュー,seasonal,12,3,10,13,13,0,0,-1,1,1.0,Sold out,True,False,Previous-day preparation,False,None,None,None,inventory
2026-05-09,Shop_B,エクレア,regular,12,0,13,13,13,0,0,-1,1,1.0,Sold out,True,False,Previous-day preparation,False,None,None,None,inventory
2026-05-09,Shop_B,シュー,regular,27,0,30,30,27,3,0,0,0,0.9,Low closing stock,False,False,Previous-day preparation,False,None,None,None,inventory
2026-05-09,Shop_B,パール,regular,7,5,3,8,8,0,0,-1,1,1.0,Sold out,True,False,Previous-day preparation,False,None,None,None,inventory
2026-05-09,Shop_B,プリン,regular,10,4,7,11,8,3,0,2,2,0.7273,Low closing stock,False,False,Previous-day preparation,False,None,None,None,inventory
2026-05-09,Shop_B,リッチエクレア,regular,7,1,7,8,8,0,0,-1,1,1.0,Sold out,True,False,Previous-day preparation,False,None,None,None,inventory
2026-05-09,Shop_B,リッチシュー,regular,12,1,12,13,13,0,0,-1,1,1.0,Sold out,True,False,Previous-day preparation,False,None,None,None,inventory
2026-05-09,Shop_B,季節シュー,seasonal,13,2,13,15,12,3,0,1,1,0.8,Low closing stock,False,False,Previous-day preparation,False,None,None,None,inventory
2026-05-09,Shop_C,エクレア,regular,17,6,13,19,15,4,0,2,2,0.7895,Low closing stock,False,False,Previous-day preparation,False,None,None,None,inventory
2026-05-09,Shop_C,シュー,regular,38,6,37,43,38,5,0,0,0,0.8837,Low closing stock,False,False,Previous-day preparation,False,None,None,None,inventory
2026-05-09,Shop_C,パール,regular,14,0,16,16,10,6,0,4,4,0.625,Stock remaining,False,False,Previous-day preparation,False,None,None,None,inventory
2026-05-09,Shop_C,プリン,regular,16,0,18,18,14,4,0,2,2,0.7778,Low closing stock,False,False,Previous-day preparation,False,None,None,None,inventory
2026-05-09,Shop_C,リッチエクレア,regular,9,3,7,10,9,1,0,0,0,0.9,Low closing stock,False,False,Previous-day preparation,False,None,None,None,inventory
2026-05-09,Shop_C,リッチシュー,regular,19,2,19,20,20,0,1,-1,1,1.0,Sold out,True,True,Previous-day preparation,False,None,None,None,inventory
2026-05-09,Shop_C,季節シュー,seasonal,13,3,12,15,8,7,0,5,5,0.5333,Stock remaining,False,False,Previous-day preparation,False,None,None,None,inventory
2026-05-10,Shop_A,エクレア,regular,13,6,9,15,12,3,0,1,1,0.8,Low closing stock,False,False,Previous-day preparation,False,None,None,None,inventory
2026-05-10,Shop_A,シュー,regular,32,3,33,36,36,0,0,-4,4,1.0,Sold out,True,False,Previous-day preparation,False,None,None,None,inventory
2026-05-10,Shop_A,パール,regular,9,2,8,10,10,0,0,-1,1,1.0,Sold out,True,False,Previous-day preparation,False,None,None,None,inventory
2026-05-10,Shop_A,プリン,regular,14,4,12,16,11,5,0,3,3,0.6875,Low closing stock,False,False,Previous-day preparation,False,None,None,None,inventory
2026-05-10,Shop_A,リッチエクレア,regular,9,0,10,10,10,0,0,-1,1,1.0,Sold out,True,False,Previous-day preparation,False,None,None,None,inventory
2026-05-10,Shop_A,リッチシュー,regular,14,3,13,16,16,0,0,-2,2,1.0,Sold out,True,False,Previous-day preparation,False,None,None,None,inventory
2026-05-10,Shop_A,季節シュー,seasonal,12,0,13,13,13,0,0,-1,1,1.0,Sold out,True,False,Previous-day preparation,False,None,None,None,inventory
2026-05-10,Shop_B,エクレア,regular,14,0,16,16,9,7,0,5,5,0.5625,Stock remaining,False,False,Previous-day preparation,False,None,None,None,inventory
2026-05-10,Shop_B,シュー,regular,26,3,26,29,27,2,0,-1,1,0.931,Low closing stock,False,False,Previous-day preparation,False,None,None,None,inventory
2026-05-10,Shop_B,パール,regular,11,0,12,12,9,3,0,2,2,0.75,Low closing stock,False,False,Previous-day preparation,False,None,None,None,inventory
2026-05-10,Shop_B,プリン,regular,7,3,5,8,7,1,0,0,0,0.875,Low closing stock,False,False,Previous-day preparation,False,None,None,None,inventory
2026-05-10,Shop_B,リッチエクレア,regular,9,0,10,10,7,3,0,2,2,0.7,Low closing stock,False,False,Previous-day preparation,False,None,None,None,inventory
2026-05-10,Shop_B,リッチシュー,regular,16,0,18,18,16,2,0,0,0,0.8889,Low closing stock,False,False,Previous-day preparation,False,None,None,None,inventory
2026-05-10,Shop_B,季節シュー,seasonal,11,3,9,12,9,3,0,2,2,0.75,Low closing stock,False,False,Previous-day preparation,False,None,None,None,inventory
2026-05-10,Shop_C,エクレア,regular,16,4,14,18,18,0,0,-2,2,1.0,Sold out,True,False,Previous-day preparation,False,None,None,None,inventory
2026-05-10,Shop_C,シュー,regular,40,5,40,45,36,9,0,4,4,0.8,Stock remaining,False,False,Previous-day preparation,False,None,None,None,inventory
2026-05-10,Shop_C,パール,regular,10,6,5,11,11,0,0,-1,1,1.0,Sold out,True,False,Previous-day preparation,False,None,None,None,inventory
2026-05-10,Shop_C,プリン,regular,13,4,11,15,13,2,0,0,0,0.8667,Low closing stock,False,False,Previous-day preparation,False,None,None,None,inventory
2026-05-10,Shop_C,リッチエクレア,regular,13,1,14,15,12,3,0,1,1,0.8,Low closing stock,False,False,Previous-day preparation,False,None,None,None,inventory
2026-05-10,Shop_C,リッチシュー,regular,19,0,21,21,21,0,0,-2,2,1.0,Sold out,True,False,Previous-day preparation,False,None,None,None,inventory
2026-05-10,Shop_C,季節シュー,seasonal,15,7,10,17,11,6,0,4,4,0.6471,Stock remaining,False,False,Previous-day preparation,False,None,None,None,inventory
2026-05-11,Shop_A,エクレア,regular,11,3,9,12,12,0,0,-1,1,1.0,Sold out,True,False,Previous-day preparation,False,None,None,None,inventory
2026-05-11,Shop_A,シュー,regular,25,0,28,28,24,4,0,1,1,0.8571,Low closing stock,False,False,Previous-day preparation,False,None,None,None,inventory
2026-05-11,Shop_A,パール,regular,7,0,8,8,8,0,0,-1,1,1.0,Sold out,True,False,Previous-day preparation,False,None,None,None,inventory
2026-05-11,Shop_A,プリン,regular,10,5,6,11,11,0,0,-1,1,1.0,Sold out,True,False,Previous-day preparation,False,None,None,None,inventory
2026-05-11,Shop_A,リッチエクレア,regular,12,0,13,13,6,7,0,6,6,0.4615,Stock remaining,False,False,Previous-day preparation,False,None,None,None,inventory
2026-05-11,Shop_A,リッチシュー,regular,12,0,13,13,13,0,0,-1,1,1.0,Sold out,True,False,Previous-day preparation,False,None,None,None,inventory
2026-05-11,Shop_A,季節シュー,seasonal,8,0,9,9,9,0,0,-1,1,1.0,Sold out,True,False,Previous-day preparation,False,None,None,None,inventory
2026-05-11,Shop_B,エクレア,regular,9,7,3,10,5,5,0,4,4,0.5,Low closing stock,False,False,Previous-day preparation,False,None,None,None,inventory
2026-05-11,Shop_B,シュー,regular,22,2,23,25,20,5,0,2,2,0.8,Low closing stock,False,False,Previous-day preparation,False,None,None,None,inventory
2026-05-11,Shop_B,パール,regular,8,3,6,9,6,3,0,2,2,0.6667,Low closing stock,False,False,Previous-day preparation,False,None,None,None,inventory
2026-05-11,Shop_B,プリン,regular,5,1,5,6,5,1,0,0,0,0.8333,Low closing stock,False,False,Previous-day preparation,False,None,None,None,inventory
2026-05-11,Shop_B,リッチエクレア,regular,8,3,6,9,8,1,0,0,0,0.8889,Low closing stock,False,False,Previous-day preparation,False,None,None,None,inventory
2026-05-11,Shop_B,リッチシュー,regular,13,2,13,15,10,5,0,3,3,0.6667,Low closing stock,False,False,Previous-day preparation,False,None,None,None,inventory
2026-05-11,Shop_B,季節シュー,seasonal,9,3,7,10,8,2,0,1,1,0.8,Low closing stock,False,False,Previous-day preparation,False,None,None,None,inventory
2026-05-11,Shop_C,エクレア,regular,13,0,15,15,14,1,0,-1,1,0.9333,Low closing stock,False,False,Previous-day preparation,False,None,None,None,inventory
2026-05-11,Shop_C,シュー,regular,29,9,23,32,28,4,0,1,1,0.875,Low closing stock,False,False,Previous-day preparation,False,None,None,None,inventory
2026-05-11,Shop_C,パール,regular,11,0,12,12,10,2,0,1,1,0.8333,Low closing stock,False,False,Previous-day preparation,False,None,None,None,inventory
2026-05-11,Shop_C,プリン,regular,12,2,11,13,10,3,0,2,2,0.7692,Low closing stock,False,False,Previous-day preparation,False,None,None,None,inventory
2026-05-11,Shop_C,リッチエクレア,regular,8,3,6,9,8,1,0,0,0,0.8889,Low closing stock,False,False,Previous-day preparation,False,None,None,None,inventory
2026-05-11,Shop_C,リッチシュー,regular,12,0,13,13,13,0,0,-1,1,1.0,Sold out,True,False,Previous-day preparation,False,None,None,None,inventory
2026-05-11,Shop_C,季節シュー,seasonal,11,6,6,12,11,1,0,0,0,0.9167,Low closing stock,False,False,Previous-day preparation,False,None,None,None,inventory
2026-05-12,Shop_A,エクレア,regular,13,0,15,15,12,3,0,1,1,0.8,Low closing stock,False,False,Previous-day preparation,False,None,None,None,inventory
2026-05-12,Shop_A,シュー,regular,27,4,26,30,26,4,0,1,1,0.8667,Low closing stock,False,False,Previous-day preparation,False,None,None,None,inventory
2026-05-12,Shop_A,パール,regular,8,0,9,9,8,1,0,0,0,0.8889,Low closing stock,False,False,Previous-day preparation,False,None,None,None,inventory
2026-05-12,Shop_A,プリン,regular,9,0,10,10,8,2,0,1,1,0.8,Low closing stock,False,False,Previous-day preparation,False,None,None,None,inventory
2026-05-12,Shop_A,リッチエクレア,regular,9,7,3,10,6,4,0,3,3,0.6,Low closing stock,False,False,Previous-day preparation,False,None,None,None,inventory
2026-05-12,Shop_A,リッチシュー,regular,14,0,16,16,13,3,0,1,1,0.8125,Low closing stock,False,False,Previous-day preparation,False,None,None,None,inventory
2026-05-12,Shop_A,季節シュー,seasonal,9,0,10,10,9,1,0,0,0,0.9,Low closing stock,False,False,Previous-day preparation,False,None,None,None,inventory
2026-05-12,Shop_B,エクレア,regular,10,5,6,11,10,1,0,0,0,0.9091,Low closing stock,False,False,Previous-day preparation,False,None,None,None,inventory
2026-05-12,Shop_B,シュー,regular,21,5,19,24,19,5,0,2,2,0.7917,Low closing stock,False,False,Previous-day preparation,False,None,None,None,inventory
2026-05-12,Shop_B,パール,regular,6,3,4,7,7,0,0,-1,1,1.0,Sold out,True,False,Previous-day preparation,False,None,None,None,inventory
2026-05-12,Shop_B,プリン,regular,8,1,8,9,6,3,0,2,2,0.6667,Low closing stock,False,False,Previous-day preparation,False,None,None,None,inventory
2026-05-12,Shop_B,リッチエクレア,regular,5,1,5,6,5,1,0,0,0,0.8333,Low closing stock,False,False,Previous-day preparation,False,None,None,None,inventory
2026-05-12,Shop_B,リッチシュー,regular,11,5,7,11,10,1,1,1,1,0.9091,Low closing stock,False,True,Previous-day preparation,False,None,None,None,inventory
2026-05-12,Shop_B,季節シュー,seasonal,8,2,7,9,7,2,0,1,1,0.7778,Low closing stock,False,False,Previous-day preparation,False,None,None,None,inventory
2026-05-12,Shop_C,エクレア,regular,11,1,11,12,12,0,0,-1,1,1.0,Sold out,True,False,Previous-day preparation,False,None,None,None,inventory
2026-05-12,Shop_C,シュー,regular,31,4,31,35,30,5,0,1,1,0.8571,Low closing stock,False,False,Previous-day preparation,False,None,None,None,inventory
2026-05-12,Shop_C,パール,regular,8,2,7,9,9,0,0,-1,1,1.0,Sold out,True,False,Previous-day preparation,False,None,None,None,inventory
2026-05-12,Shop_C,プリン,regular,10,3,8,11,11,0,0,-1,1,1.0,Sold out,True,False,Previous-day preparation,False,None,None,None,inventory
2026-05-12,Shop_C,リッチエクレア,regular,10,1,10,11,6,5,0,4,4,0.5455,Low closing stock,False,False,Previous-day preparation,False,None,None,None,inventory
2026-05-12,Shop_C,リッチシュー,regular,15,0,17,17,14,3,0,1,1,0.8235,Low closing stock,False,False,Previous-day preparation,False,None,None,None,inventory
2026-05-12,Shop_C,季節シュー,seasonal,13,1,14,15,12,3,0,1,1,0.8,Low closing stock,False,False,Previous-day preparation,False,None,None,None,inventory
2026-05-13,Shop_A,エクレア,regular,8,3,6,9,9,0,0,-1,1,1.0,Sold out,True,False,Previous-day preparation,False,None,None,None,inventory
2026-05-13,Shop_A,シュー,regular,25,4,24,28,28,0,0,-3,3,1.0,Sold out,True,False,Previous-day preparation,False,None,None,None,inventory
2026-05-13,Shop_A,パール,regular,8,1,8,9,7,2,0,1,1,0.7778,Low closing stock,False,False,Previous-day preparation,False,None,None,None,inventory
2026-05-13,Shop_A,プリン,regular,9,2,8,10,10,0,0,-1,1,1.0,Sold out,True,False,Previous-day preparation,False,None,None,None,inventory
2026-05-13,Shop_A,リッチエクレア,regular,9,4,6,10,8,2,0,1,1,0.8,Low closing stock,False,False,Previous-day preparation,False,None,None,None,inventory
2026-05-13,Shop_A,リッチシュー,regular,16,3,15,18,18,0,0,-2,2,1.0,Sold out,True,False,Previous-day preparation,False,None,None,None,inventory
2026-05-13,Shop_A,季節シュー,seasonal,12,1,12,13,9,4,0,3,3,0.6923,Low closing stock,False,False,Previous-day preparation,False,None,None,None,inventory
2026-05-13,Shop_B,エクレア,regular,11,1,11,12,9,3,0,2,2,0.75,Low closing stock,False,False,Previous-day preparation,False,None,None,None,inventory
2026-05-13,Shop_B,シュー,regular,19,5,16,21,16,5,0,3,3,0.7619,Low closing stock,False,False,Previous-day preparation,False,None,None,None,inventory
2026-05-13,Shop_B,パール,regular,7,0,8,8,8,0,0,-1,1,1.0,Sold out,True,False,Previous-day preparation,False,None,None,None,inventory
2026-05-13,Shop_B,プリン,regular,7,3,5,8,7,1,0,0,0,0.875,Low closing stock,False,False,Previous-day preparation,False,None,None,None,inventory
2026-05-13,Shop_B,リッチエクレア,regular,5,1,5,6,6,0,0,-1,1,1.0,Sold out,True,False,Previous-day preparation,False,None,None,None,inventory
2026-05-13,Shop_B,リッチシュー,regular,10,1,10,11,11,0,0,-1,1,1.0,Sold out,True,False,Previous-day preparation,False,None,None,None,inventory
2026-05-13,Shop_B,季節シュー,seasonal,11,2,10,12,8,4,0,3,3,0.6667,Low closing stock,False,False,Previous-day preparation,False,None,None,None,inventory
2026-05-13,Shop_C,エクレア,regular,14,0,16,16,14,2,0,0,0,0.875,Low closing stock,False,False,Previous-day preparation,False,None,None,None,inventory
2026-05-13,Shop_C,シュー,regular,31,5,30,35,31,4,0,0,0,0.8857,Low closing stock,False,False,Previous-day preparation,False,None,None,None,inventory
2026-05-13,Shop_C,パール,regular,9,0,10,10,9,1,0,0,0,0.9,Low closing stock,False,False,Previous-day preparation,False,None,None,None,inventory
2026-05-13,Shop_C,プリン,regular,10,0,11,11,11,0,0,-1,1,1.0,Sold out,True,False,Previous-day preparation,False,None,None,None,inventory
2026-05-13,Shop_C,リッチエクレア,regular,6,5,2,7,7,0,0,-1,1,1.0,Sold out,True,False,Previous-day preparation,False,None,None,None,inventory
2026-05-13,Shop_C,リッチシュー,regular,15,3,14,17,17,0,0,-2,2,1.0,Sold out,True,False,Previous-day preparation,False,None,None,None,inventory
2026-05-13,Shop_C,季節シュー,seasonal,13,3,12,15,15,0,0,-2,2,1.0,Sold out,True,False,Previous-day preparation,False,None,None,None,inventory
2026-05-14,Shop_A,エクレア,regular,10,0,11,11,11,0,0,-1,1,1.0,Sold out,True,False,Previous-day preparation,False,None,None,None,inventory
2026-05-14,Shop_A,シュー,regular,28,0,31,31,25,6,0,3,3,0.8065,Stock remaining,False,False,Previous-day preparation,False,None,None,None,inventory
2026-05-14,Shop_A,パール,regular,8,2,7,9,9,0,0,-1,1,1.0,Sold out,True,False,Previous-day preparation,False,None,None,None,inventory
2026-05-14,Shop_A,プリン,regular,11,0,12,12,11,1,0,0,0,0.9167,Low closing stock,False,False,Previous-day preparation,False,None,None,None,inventory
2026-05-14,Shop_A,リッチエクレア,regular,8,2,7,9,9,0,0,-1,1,1.0,Sold out,True,False,Previous-day preparation,False,None,None,None,inventory
2026-05-14,Shop_A,リッチシュー,regular,16,0,18,18,18,0,0,-2,2,1.0,Sold out,True,False,Previous-day preparation,False,None,None,None,inventory
2026-05-14,Shop_A,季節シュー,seasonal,10,4,7,11,11,0,0,-1,1,1.0,Sold out,True,False,Previous-day preparation,False,None,None,None,inventory
2026-05-14,Shop_B,エクレア,regular,10,3,8,11,8,3,0,2,2,0.7273,Low closing stock,False,False,Previous-day preparation,False,None,None,None,inventory
2026-05-14,Shop_B,シュー,regular,22,5,20,25,25,0,0,-3,3,1.0,Sold out,True,False,Previous-day preparation,False,None,None,None,inventory
2026-05-14,Shop_B,パール,regular,7,0,8,8,7,1,0,0,0,0.875,Low closing stock,False,False,Previous-day preparation,False,None,None,None,inventory
2026-05-14,Shop_B,プリン,regular,9,1,9,10,6,4,0,3,3,0.6,Low closing stock,False,False,Previous-day preparation,False,None,None,None,inventory
2026-05-14,Shop_B,リッチエクレア,regular,6,0,7,7,7,0,0,-1,1,1.0,Sold out,True,False,Previous-day preparation,False,None,None,None,inventory
2026-05-14,Shop_B,リッチシュー,regular,12,0,13,13,13,0,0,-1,1,1.0,Sold out,True,False,Previous-day preparation,False,None,None,None,inventory
2026-05-14,Shop_B,季節シュー,seasonal,6,4,3,7,5,2,0,1,1,0.7143,Low closing stock,False,False,Previous-day preparation,False,None,None,None,inventory
2026-05-14,Shop_C,エクレア,regular,13,2,13,15,14,1,0,-1,1,0.9333,Low closing stock,False,False,Previous-day preparation,False,None,None,None,inventory
2026-05-14,Shop_C,シュー,regular,31,4,31,35,33,2,0,-2,2,0.9429,Low closing stock,False,False,Previous-day preparation,False,None,None,None,inventory
2026-05-14,Shop_C,パール,regular,10,1,10,11,11,0,0,-1,1,1.0,Sold out,True,False,Previous-day preparation,False,None,None,None,inventory
2026-05-14,Shop_C,プリン,regular,13,0,15,15,9,6,0,4,4,0.6,Stock remaining,False,False,Previous-day preparation,False,None,None,None,inventory
2026-05-14,Shop_C,リッチエクレア,regular,6,0,7,7,5,2,0,1,1,0.7143,Low closing stock,False,False,Previous-day preparation,False,None,None,None,inventory
2026-05-14,Shop_C,リッチシュー,regular,16,0,18,18,15,3,0,1,1,0.8333,Low closing stock,False,False,Previous-day preparation,False,None,None,None,inventory
2026-05-14,Shop_C,季節シュー,seasonal,12,0,13,13,9,4,0,3,3,0.6923,Low closing stock,False,False,Previous-day preparation,False,None,None,None,inventory
2026-05-15,Shop_A,エクレア,regular,10,0,11,11,11,0,0,-1,1,1.0,Sold out,True,False,Previous-day preparation,False,None,None,None,inventory
2026-05-15,Shop_A,シュー,regular,29,6,26,32,28,4,0,1,1,0.875,Low closing stock,False,False,Previous-day preparation,False,None,None,None,inventory
2026-05-15,Shop_A,パール,regular,9,0,10,10,9,1,0,0,0,0.9,Low closing stock,False,False,Previous-day preparation,False,None,None,None,inventory
2026-05-15,Shop_A,プリン,regular,9,1,9,10,7,3,0,2,2,0.7,Low closing stock,False,False,Previous-day preparation,False,None,None,None,inventory
2026-05-15,Shop_A,リッチエクレア,regular,5,0,6,6,6,0,0,-1,1,1.0,Sold out,True,False,Previous-day preparation,False,None,None,None,inventory
2026-05-15,Shop_A,リッチシュー,regular,16,0,18,18,14,4,0,2,2,0.7778,Low closing stock,False,False,Previous-day preparation,False,None,None,None,inventory
2026-05-15,Shop_A,季節シュー,seasonal,12,0,13,13,13,0,0,-1,1,1.0,Sold out,True,False,Previous-day preparation,False,None,None,None,inventory
2026-05-15,Shop_B,エクレア,regular,12,3,10,13,8,5,0,4,4,0.6154,Low closing stock,False,False,Previous-day preparation,False,None,None,None,inventory
2026-05-15,Shop_B,シュー,regular,22,0,25,25,22,3,0,0,0,0.88,Low closing stock,False,False,Previous-day preparation,False,None,None,None,inventory
2026-05-15,Shop_B,パール,regular,8,1,8,9,8,1,0,0,0,0.8889,Low closing stock,False,False,Previous-day preparation,False,None,None,None,inventory
2026-05-15,Shop_B,プリン,regular,10,4,7,11,6,5,0,4,4,0.5455,Low closing stock,False,False,Previous-day preparation,False,None,None,None,inventory
2026-05-15,Shop_B,リッチエクレア,regular,7,0,8,8,8,0,0,-1,1,1.0,Sold out,True,False,Previous-day preparation,False,None,None,None,inventory
2026-05-15,Shop_B,リッチシュー,regular,12,0,13,13,13,0,0,-1,1,1.0,Sold out,True,False,Previous-day preparation,False,None,None,None,inventory
2026-05-15,Shop_B,季節シュー,seasonal,10,2,9,11,8,3,0,2,2,0.7273,Low closing stock,False,False,Previous-day preparation,False,None,None,None,inventory
2026-05-15,Shop_C,エクレア,regular,9,1,9,10,10,0,0,-1,1,1.0,Sold out,True,False,Previous-day preparation,False,None,None,None,inventory
2026-05-15,Shop_C,シュー,regular,32,2,34,36,33,3,0,-1,1,0.9167,Low closing stock,False,False,Previous-day preparation,False,None,None,None,inventory
2026-05-15,Shop_C,パール,regular,13,0,15,15,12,3,0,1,1,0.8,Low closing stock,False,False,Previous-day preparation,False,None,None,None,inventory
2026-05-15,Shop_C,プリン,regular,11,6,6,12,11,1,0,0,0,0.9167,Low closing stock,False,False,Previous-day preparation,False,None,None,None,inventory
2026-05-15,Shop_C,リッチエクレア,regular,8,2,7,9,9,0,0,-1,1,1.0,Sold out,True,False,Previous-day preparation,False,None,None,None,inventory
2026-05-15,Shop_C,リッチシュー,regular,19,3,18,21,18,3,0,1,1,0.8571,Low closing stock,False,False,Previous-day preparation,False,None,None,None,inventory
2026-05-15,Shop_C,季節シュー,seasonal,12,4,9,13,10,3,0,2,2,0.7692,Low closing stock,False,False,Previous-day preparation,False,None,None,None,inventory
2026-05-16,Shop_A,エクレア,regular,17,0,19,19,15,4,0,2,2,0.7895,Low closing stock,False,False,Previous-day preparation,False,None,None,None,inventory
2026-05-16,Shop_A,シュー,regular,35,4,35,39,37,2,0,-2,2,0.9487,Low closing stock,False,False,Previous-day preparation,False,None,None,None,inventory
2026-05-16,Shop_A,パール,regular,11,1,11,12,11,1,0,0,0,0.9167,Low closing stock,False,False,Previous-day preparation,False,None,None,None,inventory
2026-05-16,Shop_A,プリン,regular,14,3,13,16,11,5,0,3,3,0.6875,Low closing stock,False,False,Previous-day preparation,False,None,None,None,inventory
2026-05-16,Shop_A,リッチエクレア,regular,8,0,9,9,9,0,0,-1,1,1.0,Sold out,True,False,Previous-day preparation,False,None,None,None,inventory
2026-05-16,Shop_A,リッチシュー,regular,19,4,17,21,21,0,0,-2,2,1.0,Sold out,True,False,Previous-day preparation,False,None,None,None,inventory
2026-05-16,Shop_A,季節シュー,seasonal,12,0,13,13,11,2,0,1,1,0.8462,Low closing stock,False,False,Previous-day preparation,False,None,None,None,inventory
2026-05-16,Shop_B,エクレア,regular,14,5,11,16,13,3,0,1,1,0.8125,Low closing stock,False,False,Previous-day preparation,False,None,None,None,inventory
2026-05-16,Shop_B,シュー,regular,29,3,29,32,28,4,0,1,1,0.875,Low closing stock,False,False,Previous-day preparation,False,None,None,None,inventory
2026-05-16,Shop_B,パール,regular,10,1,10,11,9,2,0,1,1,0.8182,Low closing stock,False,False,Previous-day preparation,False,None,None,None,inventory
2026-05-16,Shop_B,プリン,regular,11,5,7,12,9,3,0,2,2,0.75,Low closing stock,False,False,Previous-day preparation,False,None,None,None,inventory
2026-05-16,Shop_B,リッチエクレア,regular,8,0,9,9,7,2,0,1,1,0.7778,Low closing stock,False,False,Previous-day preparation,False,None,None,None,inventory
2026-05-16,Shop_B,リッチシュー,regular,17,0,19,19,18,1,0,-1,1,0.9474,Low closing stock,False,False,Previous-day preparation,False,None,None,None,inventory
2026-05-16,Shop_B,季節シュー,seasonal,9,3,7,10,10,0,0,-1,1,1.0,Sold out,True,False,Previous-day preparation,False,None,None,None,inventory
2026-05-16,Shop_C,エクレア,regular,18,0,20,20,20,0,0,-2,2,1.0,Sold out,True,False,Previous-day preparation,False,None,None,None,inventory
2026-05-16,Shop_C,シュー,regular,41,3,43,46,37,9,0,4,4,0.8043,Stock remaining,False,False,Previous-day preparation,False,None,None,None,inventory
2026-05-16,Shop_C,パール,regular,13,3,12,15,14,1,0,-1,1,0.9333,Low closing stock,False,False,Previous-day preparation,False,None,None,None,inventory
2026-05-16,Shop_C,プリン,regular,17,1,18,19,11,8,0,6,6,0.5789,Stock remaining,False,False,Previous-day preparation,False,None,None,None,inventory
2026-05-16,Shop_C,リッチエクレア,regular,12,0,13,13,8,5,0,4,4,0.6154,Low closing stock,False,False,Previous-day preparation,False,None,None,None,inventory
2026-05-16,Shop_C,リッチシュー,regular,21,3,21,24,24,0,0,-3,3,1.0,Sold out,True,False,Previous-day preparation,False,None,None,None,inventory
2026-05-16,Shop_C,季節シュー,seasonal,12,3,10,13,13,0,0,-1,1,1.0,Sold out,True,False,Previous-day preparation,False,None,None,None,inventory
2026-05-17,Shop_A,エクレア,regular,18,4,16,20,14,6,0,4,4,0.7,Stock remaining,False,False,Previous-day preparation,False,None,None,None,inventory
2026-05-17,Shop_A,シュー,regular,36,2,38,40,36,4,0,0,0,0.9,Low closing stock,False,False,Previous-day preparation,False,None,None,None,inventory
2026-05-17,Shop_A,パール,regular,14,1,15,16,7,9,0,7,7,0.4375,Stock remaining,False,False,Previous-day preparation,False,None,None,None,inventory
2026-05-17,Shop_A,プリン,regular,16,5,13,18,15,3,0,1,1,0.8333,Low closing stock,False,False,Previous-day preparation,False,None,None,None,inventory
2026-05-17,Shop_A,リッチエクレア,regular,9,0,10,10,8,2,0,1,1,0.8,Low closing stock,False,False,Previous-day preparation,False,None,None,None,inventory
2026-05-17,Shop_A,リッチシュー,regular,17,0,19,19,19,0,0,-2,2,1.0,Sold out,True,False,Previous-day preparation,False,None,None,None,inventory
2026-05-17,Shop_A,季節シュー,seasonal,13,2,13,15,12,3,0,1,1,0.8,Low closing stock,False,False,Previous-day preparation,False,None,None,None,inventory
2026-05-17,Shop_B,エクレア,regular,13,3,12,15,13,2,0,0,0,0.8667,Low closing stock,False,False,Previous-day preparation,False,None,None,None,inventory
2026-05-17,Shop_B,シュー,regular,31,4,31,35,30,5,0,1,1,0.8571,Low closing stock,False,False,Previous-day preparation,False,None,None,None,inventory
2026-05-17,Shop_B,パール,regular,8,2,7,9,7,2,0,1,1,0.7778,Low closing stock,False,False,Previous-day preparation,False,None,None,None,inventory
2026-05-17,Shop_B,プリン,regular,13,3,12,15,10,5,0,3,3,0.6667,Low closing stock,False,False,Previous-day preparation,False,None,None,None,inventory
2026-05-17,Shop_B,リッチエクレア,regular,7,2,6,8,8,0,0,-1,1,1.0,Sold out,True,False,Previous-day preparation,False,None,None,None,inventory
2026-05-17,Shop_B,リッチシュー,regular,16,1,17,18,16,2,0,0,0,0.8889,Low closing stock,False,False,Previous-day preparation,False,None,None,None,inventory
2026-05-17,Shop_B,季節シュー,seasonal,13,0,15,15,10,5,0,3,3,0.6667,Low closing stock,False,False,Previous-day preparation,False,None,None,None,inventory
2026-05-17,Shop_C,エクレア,regular,18,0,20,20,20,0,0,-2,2,1.0,Sold out,True,False,Previous-day preparation,False,None,None,None,inventory
2026-05-17,Shop_C,シュー,regular,40,9,36,45,40,5,0,0,0,0.8889,Low closing stock,False,False,Previous-day preparation,False,None,None,None,inventory
2026-05-17,Shop_C,パール,regular,13,1,14,15,13,2,0,0,0,0.8667,Low closing stock,False,False,Previous-day preparation,False,None,None,None,inventory
2026-05-17,Shop_C,プリン,regular,13,8,7,15,15,0,0,-2,2,1.0,Sold out,True,False,Previous-day preparation,False,None,None,None,inventory
2026-05-17,Shop_C,リッチエクレア,regular,10,5,6,10,10,0,1,0,0,1.0,Sold out,True,True,Previous-day preparation,False,None,None,None,inventory
2026-05-17,Shop_C,リッチシュー,regular,22,0,25,25,24,1,0,-2,2,0.96,Low closing stock,False,False,Previous-day preparation,False,None,None,None,inventory
2026-05-17,Shop_C,季節シュー,seasonal,16,0,18,18,12,6,0,4,4,0.6667,Stock remaining,False,False,Previous-day preparation,False,None,None,None,inventory
2026-05-18,Shop_A,エクレア,regular,10,6,5,11,11,0,0,-1,1,1.0,Sold out,True,False,Previous-day preparation,False,None,None,None,inventory
2026-05-18,Shop_A,シュー,regular,31,4,31,35,27,8,0,4,4,0.7714,Stock remaining,False,False,Previous-day preparation,False,None,None,None,inventory
2026-05-18,Shop_A,パール,regular,9,9,1,10,10,0,0,-1,1,1.0,Sold out,True,False,Previous-day preparation,False,None,None,None,inventory
2026-05-18,Shop_A,プリン,regular,11,3,9,12,10,2,0,1,1,0.8333,Low closing stock,False,False,Previous-day preparation,False,None,None,None,inventory
2026-05-18,Shop_A,リッチエクレア,regular,8,2,7,9,9,0,0,-1,1,1.0,Sold out,True,False,Previous-day preparation,False,None,None,None,inventory
2026-05-18,Shop_A,リッチシュー,regular,18,0,20,20,20,0,0,-2,2,1.0,Sold out,True,False,Previous-day preparation,False,None,None,None,inventory
2026-05-18,Shop_A,季節シュー,seasonal,10,3,8,11,9,2,0,1,1,0.8182,Low closing stock,False,False,Previous-day preparation,False,None,None,None,inventory
2026-05-18,Shop_B,エクレア,regular,13,2,13,15,12,3,0,1,1,0.8,Low closing stock,False,False,Previous-day preparation,False,None,None,None,inventory
2026-05-18,Shop_B,シュー,regular,26,5,24,29,29,0,0,-3,3,1.0,Sold out,True,False,Previous-day preparation,False,None,None,None,inventory
2026-05-18,Shop_B,パール,regular,10,2,9,11,9,2,0,1,1,0.8182,Low closing stock,False,False,Previous-day preparation,False,None,None,None,inventory
2026-05-18,Shop_B,プリン,regular,6,5,2,7,7,0,0,-1,1,1.0,Sold out,True,False,Previous-day preparation,False,None,None,None,inventory
2026-05-18,Shop_B,リッチエクレア,regular,6,0,7,7,5,2,0,1,1,0.7143,Low closing stock,False,False,Previous-day preparation,False,None,None,None,inventory
2026-05-18,Shop_B,リッチシュー,regular,13,2,13,15,15,0,0,-2,2,1.0,Sold out,True,False,Previous-day preparation,False,None,None,None,inventory
2026-05-18,Shop_B,季節シュー,seasonal,9,5,5,10,9,1,0,0,0,0.9,Low closing stock,False,False,Previous-day preparation,False,None,None,None,inventory
2026-05-18,Shop_C,エクレア,regular,15,0,17,17,10,7,0,5,5,0.5882,Stock remaining,False,False,Previous-day preparation,False,None,None,None,inventory
2026-05-18,Shop_C,シュー,regular,36,5,35,40,35,5,0,1,1,0.875,Low closing stock,False,False,Previous-day preparation,False,None,None,None,inventory
2026-05-18,Shop_C,パール,regular,11,2,10,12,12,0,0,-1,1,1.0,Sold out,True,False,Previous-day preparation,False,None,None,None,inventory
2026-05-18,Shop_C,プリン,regular,13,0,15,15,14,1,0,-1,1,0.9333,Low closing stock,False,False,Previous-day preparation,False,None,None,None,inventory
2026-05-18,Shop_C,リッチエクレア,regular,11,0,12,12,8,4,0,3,3,0.6667,Low closing stock,False,False,Previous-day preparation,False,None,None,None,inventory
2026-05-18,Shop_C,リッチシュー,regular,18,1,19,20,19,1,0,-1,1,0.95,Low closing stock,False,False,Previous-day preparation,False,None,None,None,inventory
2026-05-18,Shop_C,季節シュー,seasonal,14,6,10,16,10,6,0,4,4,0.625,Stock remaining,False,False,Previous-day preparation,False,None,None,None,inventory
2026-05-19,Shop_A,エクレア,regular,12,0,13,13,13,0,0,-1,1,1.0,Sold out,True,False,Previous-day preparation,False,None,None,None,inventory
2026-05-19,Shop_A,シュー,regular,30,8,26,34,29,5,0,1,1,0.8529,Low closing stock,False,False,Previous-day preparation,False,None,None,None,inventory
2026-05-19,Shop_A,パール,regular,10,0,11,11,11,0,0,-1,1,1.0,Sold out,True,False,Previous-day preparation,False,None,None,None,inventory
2026-05-19,Shop_A,プリン,regular,11,2,10,12,11,1,0,0,0,0.9167,Low closing stock,False,False,Previous-day preparation,False,None,None,None,inventory
2026-05-19,Shop_A,リッチエクレア,regular,9,0,10,10,10,0,0,-1,1,1.0,Sold out,True,False,Previous-day preparation,False,None,None,None,inventory
2026-05-19,Shop_A,リッチシュー,regular,17,0,19,19,16,3,0,1,1,0.8421,Low closing stock,False,False,Previous-day preparation,False,None,None,None,inventory
2026-05-19,Shop_A,季節シュー,seasonal,13,2,13,15,15,0,0,-2,2,1.0,Sold out,True,False,Previous-day preparation,False,None,None,None,inventory
2026-05-19,Shop_B,エクレア,regular,9,3,7,10,10,0,0,-1,1,1.0,Sold out,True,False,Previous-day preparation,False,None,None,None,inventory
2026-05-19,Shop_B,シュー,regular,24,0,27,27,23,4,0,1,1,0.8519,Low closing stock,False,False,Previous-day preparation,False,None,None,None,inventory
2026-05-19,Shop_B,パール,regular,11,2,10,12,12,0,0,-1,1,1.0,Sold out,True,False,Previous-day preparation,False,None,None,None,inventory
2026-05-19,Shop_B,プリン,regular,8,0,9,9,9,0,0,-1,1,1.0,Sold out,True,False,Previous-day preparation,False,None,None,None,inventory
2026-05-19,Shop_B,リッチエクレア,regular,5,2,4,6,6,0,0,-1,1,1.0,Sold out,True,False,Previous-day preparation,False,None,None,None,inventory
2026-05-19,Shop_B,リッチシュー,regular,13,0,15,15,15,0,0,-2,2,1.0,Sold out,True,False,Previous-day preparation,False,None,None,None,inventory
2026-05-19,Shop_B,季節シュー,seasonal,9,1,9,10,9,1,0,0,0,0.9,Low closing stock,False,False,Previous-day preparation,False,None,None,None,inventory
2026-05-19,Shop_C,エクレア,regular,14,7,9,16,14,2,0,0,0,0.875,Low closing stock,False,False,Previous-day preparation,False,None,None,None,inventory
2026-05-19,Shop_C,シュー,regular,33,5,32,37,36,1,0,-3,3,0.973,Low closing stock,False,False,Previous-day preparation,False,None,None,None,inventory
2026-05-19,Shop_C,パール,regular,12,0,13,13,12,1,0,0,0,0.9231,Low closing stock,False,False,Previous-day preparation,False,None,None,None,inventory
2026-05-19,Shop_C,プリン,regular,14,1,15,16,15,1,0,-1,1,0.9375,Low closing stock,False,False,Previous-day preparation,False,None,None,None,inventory
2026-05-19,Shop_C,リッチエクレア,regular,10,4,7,11,10,1,0,0,0,0.9091,Low closing stock,False,False,Previous-day preparation,False,None,None,None,inventory
2026-05-19,Shop_C,リッチシュー,regular,19,1,20,21,21,0,0,-2,2,1.0,Sold out,True,False,Previous-day preparation,False,None,None,None,inventory
2026-05-19,Shop_C,季節シュー,seasonal,15,6,11,17,16,1,0,-1,1,0.9412,Low closing stock,False,False,Previous-day preparation,False,None,None,None,inventory
2026-05-20,Shop_A,エクレア,regular,10,0,11,11,11,0,0,-1,1,1.0,Sold out,True,False,Previous-day preparation,False,None,None,None,inventory
2026-05-20,Shop_A,シュー,regular,29,5,27,32,28,4,0,1,1,0.875,Low closing stock,False,False,Previous-day preparation,False,None,None,None,inventory
2026-05-20,Shop_A,パール,regular,11,0,12,12,11,1,0,0,0,0.9167,Low closing stock,False,False,Previous-day preparation,False,None,None,None,inventory
2026-05-20,Shop_A,プリン,regular,9,1,9,10,10,0,0,-1,1,1.0,Sold out,True,False,Previous-day preparation,False,None,None,None,inventory
2026-05-20,Shop_A,リッチエクレア,regular,9,0,10,10,5,5,0,4,4,0.5,Low closing stock,False,False,Previous-day preparation,False,None,None,None,inventory
2026-05-20,Shop_A,リッチシュー,regular,14,3,13,16,16,0,0,-2,2,1.0,Sold out,True,False,Previous-day preparation,False,None,None,None,inventory
2026-05-20,Shop_A,季節シュー,seasonal,11,0,12,12,9,3,0,2,2,0.75,Low closing stock,False,False,Previous-day preparation,False,None,None,None,inventory
2026-05-20,Shop_B,エクレア,regular,12,0,13,13,9,4,0,3,3,0.6923,Low closing stock,False,False,Previous-day preparation,False,None,None,None,inventory
2026-05-20,Shop_B,シュー,regular,25,4,24,28,25,3,0,0,0,0.8929,Low closing stock,False,False,Previous-day preparation,False,None,None,None,inventory
2026-05-20,Shop_B,パール,regular,8,0,9,9,7,2,0,1,1,0.7778,Low closing stock,False,False,Previous-day preparation,False,None,None,None,inventory
2026-05-20,Shop_B,プリン,regular,9,0,10,10,9,1,0,0,0,0.9,Low closing stock,False,False,Previous-day preparation,False,None,None,None,inventory
2026-05-20,Shop_B,リッチエクレア,regular,7,0,8,8,3,5,0,4,4,0.375,Low closing stock,False,False,Previous-day preparation,False,None,None,None,inventory
2026-05-20,Shop_B,リッチシュー,regular,15,0,17,17,8,9,0,7,7,0.4706,Stock remaining,False,False,Previous-day preparation,False,None,None,None,inventory
2026-05-20,Shop_B,季節シュー,seasonal,8,1,8,9,6,3,0,2,2,0.6667,Low closing stock,False,False,Previous-day preparation,False,None,None,None,inventory
2026-05-20,Shop_C,エクレア,regular,16,2,16,18,17,1,0,-1,1,0.9444,Low closing stock,False,False,Previous-day preparation,False,None,None,None,inventory
2026-05-20,Shop_C,シュー,regular,35,1,38,39,35,4,0,0,0,0.8974,Low closing stock,False,False,Previous-day preparation,False,None,None,None,inventory
2026-05-20,Shop_C,パール,regular,11,1,11,12,11,1,0,0,0,0.9167,Low closing stock,False,False,Previous-day preparation,False,None,None,None,inventory
2026-05-20,Shop_C,プリン,regular,12,1,12,13,10,3,0,2,2,0.7692,Low closing stock,False,False,Previous-day preparation,False,None,None,None,inventory
2026-05-20,Shop_C,リッチエクレア,regular,13,1,14,15,9,6,0,4,4,0.6,Stock remaining,False,False,Previous-day preparation,False,None,None,None,inventory
2026-05-20,Shop_C,リッチシュー,regular,19,0,21,21,19,2,0,0,0,0.9048,Low closing stock,False,False,Previous-day preparation,False,None,None,None,inventory
2026-05-20,Shop_C,季節シュー,seasonal,14,1,15,16,14,2,0,0,0,0.875,Low closing stock,False,False,Previous-day preparation,False,None,None,None,inventory
2026-05-21,Shop_A,エクレア,regular,14,0,16,16,11,5,0,3,3,0.6875,Low closing stock,False,False,Previous-day preparation,False,None,None,None,inventory
2026-05-21,Shop_A,シュー,regular,30,4,30,34,28,6,0,2,2,0.8235,Stock remaining,False,False,Previous-day preparation,False,None,None,None,inventory
2026-05-21,Shop_A,パール,regular,10,1,10,11,11,0,0,-1,1,1.0,Sold out,True,False,Previous-day preparation,False,None,None,None,inventory
2026-05-21,Shop_A,プリン,regular,11,0,12,12,10,2,0,1,1,0.8333,Low closing stock,False,False,Previous-day preparation,False,None,None,None,inventory
2026-05-21,Shop_A,リッチエクレア,regular,8,5,4,9,8,1,0,0,0,0.8889,Low closing stock,False,False,Previous-day preparation,False,None,None,None,inventory
2026-05-21,Shop_A,リッチシュー,regular,16,0,18,18,13,5,0,3,3,0.7222,Low closing stock,False,False,Previous-day preparation,False,None,None,None,inventory
2026-05-21,Shop_A,季節シュー,seasonal,14,3,13,16,12,4,0,2,2,0.75,Low closing stock,False,False,Previous-day preparation,False,None,None,None,inventory
2026-05-21,Shop_B,エクレア,regular,12,4,9,13,6,7,0,6,6,0.4615,Stock remaining,False,False,Previous-day preparation,False,None,None,None,inventory
2026-05-21,Shop_B,シュー,regular,22,3,22,24,21,3,1,1,1,0.875,Low closing stock,False,True,Previous-day preparation,False,None,None,None,inventory
2026-05-21,Shop_B,パール,regular,8,2,7,9,7,2,0,1,1,0.7778,Low closing stock,False,False,Previous-day preparation,False,None,None,None,inventory
2026-05-21,Shop_B,プリン,regular,10,1,10,10,8,2,1,2,2,0.8,Low closing stock,False,True,Previous-day preparation,False,None,None,None,inventory
2026-05-21,Shop_B,リッチエクレア,regular,6,5,2,7,3,4,0,3,3,0.4286,Low closing stock,False,False,Previous-day preparation,False,None,None,None,inventory
2026-05-21,Shop_B,リッチシュー,regular,14,9,7,16,16,0,0,-2,2,1.0,Sold out,True,False,Previous-day preparation,False,None,None,None,inventory
2026-05-21,Shop_B,季節シュー,seasonal,9,3,7,10,10,0,0,-1,1,1.0,Sold out,True,False,Previous-day preparation,False,None,None,None,inventory
2026-05-21,Shop_C,エクレア,regular,14,1,15,16,15,1,0,-1,1,0.9375,Low closing stock,False,False,Previous-day preparation,False,None,None,None,inventory
2026-05-21,Shop_C,シュー,regular,37,4,37,41,32,9,0,5,5,0.7805,Stock remaining,False,False,Previous-day preparation,False,None,None,None,inventory
2026-05-21,Shop_C,パール,regular,11,1,11,12,10,2,0,1,1,0.8333,Low closing stock,False,False,Previous-day preparation,False,None,None,None,inventory
2026-05-21,Shop_C,プリン,regular,12,3,10,13,13,0,0,-1,1,1.0,Sold out,True,False,Previous-day preparation,False,None,None,None,inventory
2026-05-21,Shop_C,リッチエクレア,regular,11,6,6,12,8,4,0,3,3,0.6667,Low closing stock,False,False,Previous-day preparation,False,None,None,None,inventory
2026-05-21,Shop_C,リッチシュー,regular,18,2,18,20,19,1,0,-1,1,0.95,Low closing stock,False,False,Previous-day preparation,False,None,None,None,inventory
2026-05-21,Shop_C,季節シュー,seasonal,14,2,14,16,10,6,0,4,4,0.625,Stock remaining,False,False,Previous-day preparation,False,None,None,None,inventory
2026-05-22,Shop_A,エクレア,regular,13,5,10,15,13,2,0,0,0,0.8667,Low closing stock,False,False,Previous-day preparation,False,None,None,None,inventory
2026-05-22,Shop_A,シュー,regular,28,6,25,31,29,2,0,-1,1,0.9355,Low closing stock,False,False,Previous-day preparation,False,None,None,None,inventory
2026-05-22,Shop_A,パール,regular,9,0,10,10,10,0,0,-1,1,1.0,Sold out,True,False,Previous-day preparation,False,None,None,None,inventory
2026-05-22,Shop_A,プリン,regular,9,2,8,10,7,3,0,2,2,0.7,Low closing stock,False,False,Previous-day preparation,False,None,None,None,inventory
2026-05-22,Shop_A,リッチエクレア,regular,8,1,8,9,9,0,0,-1,1,1.0,Sold out,True,False,Previous-day preparation,False,None,None,None,inventory
2026-05-22,Shop_A,リッチシュー,regular,15,5,12,17,14,3,0,1,1,0.8235,Low closing stock,False,False,Previous-day preparation,False,None,None,None,inventory
2026-05-22,Shop_A,季節シュー,seasonal,9,4,6,10,9,1,0,0,0,0.9,Low closing stock,False,False,Previous-day preparation,False,None,None,None,inventory
2026-05-22,Shop_B,エクレア,regular,11,7,5,12,12,0,0,-1,1,1.0,Sold out,True,False,Previous-day preparation,False,None,None,None,inventory
2026-05-22,Shop_B,シュー,regular,25,3,25,28,24,4,0,1,1,0.8571,Low closing stock,False,False,Previous-day preparation,False,None,None,None,inventory
2026-05-22,Shop_B,パール,regular,10,2,9,11,8,3,0,2,2,0.7273,Low closing stock,False,False,Previous-day preparation,False,None,None,None,inventory
2026-05-22,Shop_B,プリン,regular,10,2,9,11,11,0,0,-1,1,1.0,Sold out,True,False,Previous-day preparation,False,None,None,None,inventory
2026-05-22,Shop_B,リッチエクレア,regular,7,4,4,8,4,4,0,3,3,0.5,Low closing stock,False,False,Previous-day preparation,False,None,None,None,inventory
2026-05-22,Shop_B,リッチシュー,regular,13,0,15,15,10,5,0,3,3,0.6667,Low closing stock,False,False,Previous-day preparation,False,None,None,None,inventory
2026-05-22,Shop_B,季節シュー,seasonal,10,0,11,11,11,0,0,-1,1,1.0,Sold out,True,False,Previous-day preparation,False,None,None,None,inventory
2026-05-22,Shop_C,エクレア,regular,16,1,17,18,13,5,0,3,3,0.7222,Low closing stock,False,False,Previous-day preparation,False,None,None,None,inventory
2026-05-22,Shop_C,シュー,regular,32,9,27,36,32,4,0,0,0,0.8889,Low closing stock,False,False,Previous-day preparation,False,None,None,None,inventory
2026-05-22,Shop_C,パール,regular,10,2,9,11,11,0,0,-1,1,1.0,Sold out,True,False,Previous-day preparation,False,None,None,None,inventory
2026-05-22,Shop_C,プリン,regular,9,0,10,10,9,1,0,0,0,0.9,Low closing stock,False,False,Previous-day preparation,False,None,None,None,inventory
2026-05-22,Shop_C,リッチエクレア,regular,8,4,5,9,6,3,0,2,2,0.6667,Low closing stock,False,False,Previous-day preparation,False,None,None,None,inventory
2026-05-22,Shop_C,リッチシュー,regular,18,1,19,19,17,2,1,1,1,0.8947,Low closing stock,False,True,Previous-day preparation,False,None,None,None,inventory
2026-05-22,Shop_C,季節シュー,seasonal,12,6,7,13,13,0,0,-1,1,1.0,Sold out,True,False,Previous-day preparation,False,None,None,None,inventory
2026-05-23,Shop_A,エクレア,regular,11,2,10,12,12,0,0,-1,1,1.0,Sold out,True,False,Previous-day preparation,False,None,None,None,inventory
2026-05-23,Shop_A,シュー,regular,34,2,36,37,32,5,1,2,2,0.8649,Low closing stock,False,True,Previous-day preparation,False,None,None,None,inventory
2026-05-23,Shop_A,パール,regular,7,0,8,8,8,0,0,-1,1,1.0,Sold out,True,False,Previous-day preparation,False,None,None,None,inventory
2026-05-23,Shop_A,プリン,regular,12,3,10,13,11,2,0,1,1,0.8462,Low closing stock,False,False,Previous-day preparation,False,None,None,None,inventory
2026-05-23,Shop_A,リッチエクレア,regular,8,0,9,9,7,2,0,1,1,0.7778,Low closing stock,False,False,Previous-day preparation,False,None,None,None,inventory
2026-05-23,Shop_A,リッチシュー,regular,18,3,17,20,19,1,0,-1,1,0.95,Low closing stock,False,False,Previous-day preparation,False,None,None,None,inventory
2026-05-23,Shop_A,季節シュー,seasonal,15,1,16,17,13,4,0,2,2,0.7647,Low closing stock,False,False,Previous-day preparation,False,None,None,None,inventory
2026-05-23,Shop_B,エクレア,regular,11,0,12,12,12,0,0,-1,1,1.0,Sold out,True,False,Previous-day preparation,False,None,None,None,inventory
2026-05-23,Shop_B,シュー,regular,27,4,26,30,23,7,0,4,4,0.7667,Stock remaining,False,False,Previous-day preparation,False,None,None,None,inventory
2026-05-23,Shop_B,パール,regular,7,3,5,8,8,0,0,-1,1,1.0,Sold out,True,False,Previous-day preparation,False,None,None,None,inventory
2026-05-23,Shop_B,プリン,regular,10,0,11,11,11,0,0,-1,1,1.0,Sold out,True,False,Previous-day preparation,False,None,None,None,inventory
2026-05-23,Shop_B,リッチエクレア,regular,7,4,4,8,8,0,0,-1,1,1.0,Sold out,True,False,Previous-day preparation,False,None,None,None,inventory
2026-05-23,Shop_B,リッチシュー,regular,12,5,8,13,13,0,0,-1,1,1.0,Sold out,True,False,Previous-day preparation,False,None,None,None,inventory
2026-05-23,Shop_B,季節シュー,seasonal,12,0,13,13,12,1,0,0,0,0.9231,Low closing stock,False,False,Previous-day preparation,False,None,None,None,inventory
2026-05-23,Shop_C,エクレア,regular,17,5,14,19,16,3,0,1,1,0.8421,Low closing stock,False,False,Previous-day preparation,False,None,None,None,inventory
2026-05-23,Shop_C,シュー,regular,37,4,37,41,35,6,0,2,2,0.8537,Stock remaining,False,False,Previous-day preparation,False,None,None,None,inventory
2026-05-23,Shop_C,パール,regular,11,0,12,12,12,0,0,-1,1,1.0,Sold out,True,False,Previous-day preparation,False,None,None,None,inventory
2026-05-23,Shop_C,プリン,regular,14,1,15,16,16,0,0,-2,2,1.0,Sold out,True,False,Previous-day preparation,False,None,None,None,inventory
2026-05-23,Shop_C,リッチエクレア,regular,12,3,10,13,12,1,0,0,0,0.9231,Low closing stock,False,False,Previous-day preparation,False,None,None,None,inventory
2026-05-23,Shop_C,リッチシュー,regular,21,2,22,24,18,6,0,3,3,0.75,Stock remaining,False,False,Previous-day preparation,False,None,None,None,inventory
2026-05-23,Shop_C,季節シュー,seasonal,15,0,17,17,17,0,0,-2,2,1.0,Sold out,True,False,Previous-day preparation,False,None,None,None,inventory
2026-05-24,Shop_A,エクレア,regular,14,0,16,16,14,2,0,0,0,0.875,Low closing stock,False,False,Previous-day preparation,False,None,None,None,inventory
2026-05-24,Shop_A,シュー,regular,33,5,32,37,29,8,0,4,4,0.7838,Stock remaining,False,False,Previous-day preparation,False,None,None,None,inventory
2026-05-24,Shop_A,パール,regular,10,0,11,11,7,4,0,3,3,0.6364,Low closing stock,False,False,Previous-day preparation,False,None,None,None,inventory
2026-05-24,Shop_A,プリン,regular,7,2,6,8,8,0,0,-1,1,1.0,Sold out,True,False,Previous-day preparation,False,None,None,None,inventory
2026-05-24,Shop_A,リッチエクレア,regular,9,2,8,10,8,2,0,1,1,0.8,Low closing stock,False,False,Previous-day preparation,False,None,None,None,inventory
2026-05-24,Shop_A,リッチシュー,regular,13,1,14,15,15,0,0,-2,2,1.0,Sold out,True,False,Previous-day preparation,False,None,None,None,inventory
2026-05-24,Shop_A,季節シュー,seasonal,9,4,6,10,10,0,0,-1,1,1.0,Sold out,True,False,Previous-day preparation,False,None,None,None,inventory
2026-05-24,Shop_B,エクレア,regular,10,0,11,11,11,0,0,-1,1,1.0,Sold out,True,False,Previous-day preparation,False,None,None,None,inventory
2026-05-24,Shop_B,シュー,regular,25,7,21,28,23,5,0,2,2,0.8214,Low closing stock,False,False,Previous-day preparation,False,None,None,None,inventory
2026-05-24,Shop_B,パール,regular,7,0,8,8,8,0,0,-1,1,1.0,Sold out,True,False,Previous-day preparation,False,None,None,None,inventory
2026-05-24,Shop_B,プリン,regular,12,0,13,13,6,7,0,6,6,0.4615,Stock remaining,False,False,Previous-day preparation,False,None,None,None,inventory
2026-05-24,Shop_B,リッチエクレア,regular,8,0,9,9,9,0,0,-1,1,1.0,Sold out,True,False,Previous-day preparation,False,None,None,None,inventory
2026-05-24,Shop_B,リッチシュー,regular,13,0,15,15,15,0,0,-2,2,1.0,Sold out,True,False,Previous-day preparation,False,None,None,None,inventory
2026-05-24,Shop_B,季節シュー,seasonal,11,1,11,12,7,5,0,4,4,0.5833,Low closing stock,False,False,Previous-day preparation,False,None,None,None,inventory
2026-05-24,Shop_C,エクレア,regular,15,3,14,17,16,1,0,-1,1,0.9412,Low closing stock,False,False,Previous-day preparation,False,None,None,None,inventory
2026-05-24,Shop_C,シュー,regular,36,6,34,40,35,5,0,1,1,0.875,Low closing stock,False,False,Previous-day preparation,False,None,None,None,inventory
2026-05-24,Shop_C,パール,regular,7,0,8,8,8,0,0,-1,1,1.0,Sold out,True,False,Previous-day preparation,False,None,None,None,inventory
2026-05-24,Shop_C,プリン,regular,12,0,13,13,13,0,0,-1,1,1.0,Sold out,True,False,Previous-day preparation,False,None,None,None,inventory
2026-05-24,Shop_C,リッチエクレア,regular,9,1,9,10,9,1,0,0,0,0.9,Low closing stock,False,False,Previous-day preparation,False,None,None,None,inventory
2026-05-24,Shop_C,リッチシュー,regular,24,6,21,27,20,7,0,4,4,0.7407,Stock remaining,False,False,Previous-day preparation,False,None,None,None,inventory
2026-05-24,Shop_C,季節シュー,seasonal,13,0,15,15,13,2,0,0,0,0.8667,Low closing stock,False,False,Previous-day preparation,False,None,None,None,inventory
2026-05-25,Shop_A,エクレア,regular,10,2,9,11,11,0,0,-1,1,1.0,Sold out,True,False,Previous-day preparation,False,None,None,None,inventory
2026-05-25,Shop_A,シュー,regular,24,8,19,27,27,0,0,-3,3,1.0,Sold out,True,False,Previous-day preparation,False,None,None,None,inventory
2026-05-25,Shop_A,パール,regular,7,4,4,8,8,0,0,-1,1,1.0,Sold out,True,False,Previous-day preparation,False,None,None,None,inventory
2026-05-25,Shop_A,プリン,regular,8,0,9,9,6,3,0,2,2,0.6667,Low closing stock,False,False,Previous-day preparation,False,None,None,None,inventory
2026-05-25,Shop_A,リッチエクレア,regular,4,2,3,5,5,0,0,-1,1,1.0,Sold out,True,False,Previous-day preparation,False,None,None,None,inventory
2026-05-25,Shop_A,リッチシュー,regular,14,0,16,16,10,6,0,4,4,0.625,Stock remaining,False,False,Previous-day preparation,False,None,None,None,inventory
2026-05-25,Shop_A,季節シュー,seasonal,12,0,13,13,7,6,0,5,5,0.5385,Stock remaining,False,False,Previous-day preparation,False,None,None,None,inventory
2026-05-25,Shop_B,エクレア,regular,10,0,11,11,6,5,0,4,4,0.5455,Low closing stock,False,False,Previous-day preparation,False,None,None,None,inventory
2026-05-25,Shop_B,シュー,regular,24,5,22,27,22,5,0,2,2,0.8148,Low closing stock,False,False,Previous-day preparation,False,None,None,None,inventory
2026-05-25,Shop_B,パール,regular,6,0,7,7,5,2,0,1,1,0.7143,Low closing stock,False,False,Previous-day preparation,False,None,None,None,inventory
2026-05-25,Shop_B,プリン,regular,10,7,4,11,8,3,0,2,2,0.7273,Low closing stock,False,False,Previous-day preparation,False,None,None,None,inventory
2026-05-25,Shop_B,リッチエクレア,regular,8,0,9,9,7,2,0,1,1,0.7778,Low closing stock,False,False,Previous-day preparation,False,None,None,None,inventory
2026-05-25,Shop_B,リッチシュー,regular,13,0,15,15,13,2,0,0,0,0.8667,Low closing stock,False,False,Previous-day preparation,False,None,None,None,inventory
2026-05-25,Shop_B,季節シュー,seasonal,9,5,5,10,10,0,0,-1,1,1.0,Sold out,True,False,Previous-day preparation,False,None,None,None,inventory
2026-05-25,Shop_C,エクレア,regular,14,1,15,16,12,4,0,2,2,0.75,Low closing stock,False,False,Previous-day preparation,False,None,None,None,inventory
2026-05-25,Shop_C,シュー,regular,29,5,27,32,31,1,0,-2,2,0.9688,Low closing stock,False,False,Previous-day preparation,False,None,None,None,inventory
2026-05-25,Shop_C,パール,regular,7,0,8,8,8,0,0,-1,1,1.0,Sold out,True,False,Previous-day preparation,False,None,None,None,inventory
2026-05-25,Shop_C,プリン,regular,8,0,9,9,9,0,0,-1,1,1.0,Sold out,True,False,Previous-day preparation,False,None,None,None,inventory
2026-05-25,Shop_C,リッチエクレア,regular,8,1,8,9,9,0,0,-1,1,1.0,Sold out,True,False,Previous-day preparation,False,None,None,None,inventory
2026-05-25,Shop_C,リッチシュー,regular,14,7,9,16,14,2,0,0,0,0.875,Low closing stock,False,False,Previous-day preparation,False,None,None,None,inventory
2026-05-25,Shop_C,季節シュー,seasonal,11,2,10,12,5,7,0,6,6,0.4167,Stock remaining,False,False,Previous-day preparation,False,None,None,None,inventory
2026-05-26,Shop_A,エクレア,regular,11,0,12,12,12,0,0,-1,1,1.0,Sold out,True,False,Previous-day preparation,False,None,None,None,inventory
2026-05-26,Shop_A,シュー,regular,26,0,29,29,25,4,0,1,1,0.8621,Low closing stock,False,False,Previous-day preparation,False,None,None,None,inventory
2026-05-26,Shop_A,パール,regular,11,0,12,12,8,4,0,3,3,0.6667,Low closing stock,False,False,Previous-day preparation,False,None,None,None,inventory
2026-05-26,Shop_A,プリン,regular,11,3,9,12,10,2,0,1,1,0.8333,Low closing stock,False,False,Previous-day preparation,False,None,None,None,inventory
2026-05-26,Shop_A,リッチエクレア,regular,7,0,8,8,7,1,0,0,0,0.875,Low closing stock,False,False,Previous-day preparation,False,None,None,None,inventory
2026-05-26,Shop_A,リッチシュー,regular,13,6,9,15,11,4,0,2,2,0.7333,Low closing stock,False,False,Previous-day preparation,False,None,None,None,inventory
2026-05-26,Shop_A,季節シュー,seasonal,11,6,6,12,7,5,0,4,4,0.5833,Low closing stock,False,False,Previous-day preparation,False,None,None,None,inventory
2026-05-26,Shop_B,エクレア,regular,10,5,6,11,8,3,0,2,2,0.7273,Low closing stock,False,False,Previous-day preparation,False,None,None,None,inventory
2026-05-26,Shop_B,シュー,regular,21,5,19,24,23,1,0,-2,2,0.9583,Low closing stock,False,False,Previous-day preparation,False,None,None,None,inventory
2026-05-26,Shop_B,パール,regular,7,2,6,8,8,0,0,-1,1,1.0,Sold out,True,False,Previous-day preparation,False,None,None,None,inventory
2026-05-26,Shop_B,プリン,regular,6,3,4,7,6,1,0,0,0,0.8571,Low closing stock,False,False,Previous-day preparation,False,None,None,None,inventory
2026-05-26,Shop_B,リッチエクレア,regular,7,2,6,8,5,3,0,2,2,0.625,Low closing stock,False,False,Previous-day preparation,False,None,None,None,inventory
2026-05-26,Shop_B,リッチシュー,regular,14,2,14,16,7,9,0,7,7,0.4375,Stock remaining,False,False,Previous-day preparation,False,None,None,None,inventory
2026-05-26,Shop_B,季節シュー,seasonal,7,0,8,8,8,0,0,-1,1,1.0,Sold out,True,False,Previous-day preparation,False,None,None,None,inventory
2026-05-26,Shop_C,エクレア,regular,13,4,11,15,15,0,0,-2,2,1.0,Sold out,True,False,Previous-day preparation,False,None,None,None,inventory
2026-05-26,Shop_C,シュー,regular,30,1,33,33,29,4,1,1,1,0.8788,Low closing stock,False,True,Previous-day preparation,False,None,None,None,inventory
2026-05-26,Shop_C,パール,regular,8,0,9,9,7,2,0,1,1,0.7778,Low closing stock,False,False,Previous-day preparation,False,None,None,None,inventory
2026-05-26,Shop_C,プリン,regular,10,0,11,11,11,0,0,-1,1,1.0,Sold out,True,False,Previous-day preparation,False,None,None,None,inventory
2026-05-26,Shop_C,リッチエクレア,regular,7,0,8,8,6,2,0,1,1,0.75,Low closing stock,False,False,Previous-day preparation,False,None,None,None,inventory
2026-05-26,Shop_C,リッチシュー,regular,15,2,15,17,17,0,0,-2,2,1.0,Sold out,True,False,Previous-day preparation,False,None,None,None,inventory
2026-05-26,Shop_C,季節シュー,seasonal,15,7,10,17,10,7,0,5,5,0.5882,Stock remaining,False,False,Previous-day preparation,False,None,None,None,inventory
2026-05-27,Shop_A,エクレア,regular,11,0,12,12,12,0,0,-1,1,1.0,Sold out,True,False,Previous-day preparation,False,None,None,None,inventory
2026-05-27,Shop_A,シュー,regular,26,4,25,29,26,3,0,0,0,0.8966,Low closing stock,False,False,Previous-day preparation,False,None,None,None,inventory
2026-05-27,Shop_A,パール,regular,7,4,4,8,8,0,0,-1,1,1.0,Sold out,True,False,Previous-day preparation,False,None,None,None,inventory
2026-05-27,Shop_A,プリン,regular,13,2,13,15,9,6,0,4,4,0.6,Stock remaining,False,False,Previous-day preparation,False,None,None,None,inventory
2026-05-27,Shop_A,リッチエクレア,regular,7,1,7,8,6,2,0,1,1,0.75,Low closing stock,False,False,Previous-day preparation,False,None,None,None,inventory
2026-05-27,Shop_A,リッチシュー,regular,16,4,14,18,16,2,0,0,0,0.8889,Low closing stock,False,False,Previous-day preparation,False,None,None,None,inventory
2026-05-27,Shop_A,季節シュー,seasonal,10,5,6,11,10,1,0,0,0,0.9091,Low closing stock,False,False,Previous-day preparation,False,None,None,None,inventory
2026-05-27,Shop_B,エクレア,regular,6,3,4,7,7,0,0,-1,1,1.0,Sold out,True,False,Previous-day preparation,False,None,None,None,inventory
2026-05-27,Shop_B,シュー,regular,21,1,23,24,21,3,0,0,0,0.875,Low closing stock,False,False,Previous-day preparation,False,None,None,None,inventory
2026-05-27,Shop_B,パール,regular,8,0,9,9,8,1,0,0,0,0.8889,Low closing stock,False,False,Previous-day preparation,False,None,None,None,inventory
2026-05-27,Shop_B,プリン,regular,8,1,8,9,9,0,0,-1,1,1.0,Sold out,True,False,Previous-day preparation,False,None,None,None,inventory
2026-05-27,Shop_B,リッチエクレア,regular,6,3,4,7,7,0,0,-1,1,1.0,Sold out,True,False,Previous-day preparation,False,None,None,None,inventory
2026-05-27,Shop_B,リッチシュー,regular,11,9,3,12,10,2,0,1,1,0.8333,Low closing stock,False,False,Previous-day preparation,False,None,None,None,inventory
2026-05-27,Shop_B,季節シュー,seasonal,8,0,9,9,9,0,0,-1,1,1.0,Sold out,True,False,Previous-day preparation,False,None,None,None,inventory
2026-05-27,Shop_C,エクレア,regular,14,0,16,16,13,3,0,1,1,0.8125,Low closing stock,False,False,Previous-day preparation,False,None,None,None,inventory
2026-05-27,Shop_C,シュー,regular,31,4,31,35,32,3,0,-1,1,0.9143,Low closing stock,False,False,Previous-day preparation,False,None,None,None,inventory
2026-05-27,Shop_C,パール,regular,12,2,11,13,10,3,0,2,2,0.7692,Low closing stock,False,False,Previous-day preparation,False,None,None,None,inventory
2026-05-27,Shop_C,プリン,regular,9,0,10,10,10,0,0,-1,1,1.0,Sold out,True,False,Previous-day preparation,False,None,None,None,inventory
2026-05-27,Shop_C,リッチエクレア,regular,7,2,6,8,8,0,0,-1,1,1.0,Sold out,True,False,Previous-day preparation,False,None,None,None,inventory
2026-05-27,Shop_C,リッチシュー,regular,17,0,19,19,19,0,0,-2,2,1.0,Sold out,True,False,Previous-day preparation,False,None,None,None,inventory
2026-05-27,Shop_C,季節シュー,seasonal,15,7,10,16,12,4,1,3,3,0.75,Low closing stock,False,True,Previous-day preparation,False,None,None,None,inventory
2026-05-28,Shop_A,エクレア,regular,11,0,12,12,11,1,0,0,0,0.9167,Low closing stock,False,False,Previous-day preparation,False,None,None,None,inventory
2026-05-28,Shop_A,シュー,regular,28,3,28,31,26,5,0,2,2,0.8387,Low closing stock,False,False,Previous-day preparation,False,None,None,None,inventory
2026-05-28,Shop_A,パール,regular,7,0,8,8,5,3,0,2,2,0.625,Low closing stock,False,False,Previous-day preparation,False,None,None,None,inventory
2026-05-28,Shop_A,プリン,regular,9,6,4,10,10,0,0,-1,1,1.0,Sold out,True,False,Previous-day preparation,False,None,None,None,inventory
2026-05-28,Shop_A,リッチエクレア,regular,6,2,5,7,5,2,0,1,1,0.7143,Low closing stock,False,False,Previous-day preparation,False,None,None,None,inventory
2026-05-28,Shop_A,リッチシュー,regular,14,2,14,16,16,0,0,-2,2,1.0,Sold out,True,False,Previous-day preparation,False,None,None,None,inventory
2026-05-28,Shop_A,季節シュー,seasonal,8,1,8,8,8,0,1,0,0,1.0,Sold out,True,True,Previous-day preparation,False,None,None,None,inventory
2026-05-28,Shop_B,エクレア,regular,11,0,12,12,12,0,0,-1,1,1.0,Sold out,True,False,Previous-day preparation,False,None,None,None,inventory
2026-05-28,Shop_B,シュー,regular,22,3,22,25,18,7,0,4,4,0.72,Stock remaining,False,False,Previous-day preparation,False,None,None,None,inventory
2026-05-28,Shop_B,パール,regular,6,1,6,7,5,2,0,1,1,0.7143,Low closing stock,False,False,Previous-day preparation,False,None,None,None,inventory
2026-05-28,Shop_B,プリン,regular,11,0,12,12,8,4,0,3,3,0.6667,Low closing stock,False,False,Previous-day preparation,False,None,None,None,inventory
2026-05-28,Shop_B,リッチエクレア,regular,6,0,7,7,5,2,0,1,1,0.7143,Low closing stock,False,False,Previous-day preparation,False,None,None,None,inventory
2026-05-28,Shop_B,リッチシュー,regular,12,2,11,13,13,0,0,-1,1,1.0,Sold out,True,False,Previous-day preparation,False,None,None,None,inventory
2026-05-28,Shop_B,季節シュー,seasonal,6,0,7,7,7,0,0,-1,1,1.0,Sold out,True,False,Previous-day preparation,False,None,None,None,inventory
2026-05-28,Shop_C,エクレア,regular,14,3,13,16,14,2,0,0,0,0.875,Low closing stock,False,False,Previous-day preparation,False,None,None,None,inventory
2026-05-28,Shop_C,シュー,regular,32,3,33,36,31,5,0,1,1,0.8611,Low closing stock,False,False,Previous-day preparation,False,None,None,None,inventory
2026-05-28,Shop_C,パール,regular,12,3,10,13,8,5,0,4,4,0.6154,Low closing stock,False,False,Previous-day preparation,False,None,None,None,inventory
2026-05-28,Shop_C,プリン,regular,12,0,13,13,10,3,0,2,2,0.7692,Low closing stock,False,False,Previous-day preparation,False,None,None,None,inventory
2026-05-28,Shop_C,リッチエクレア,regular,10,0,11,11,10,1,0,0,0,0.9091,Low closing stock,False,False,Previous-day preparation,False,None,None,None,inventory
2026-05-28,Shop_C,リッチシュー,regular,15,0,17,17,17,0,0,-2,2,1.0,Sold out,True,False,Previous-day preparation,False,None,None,None,inventory
2026-05-28,Shop_C,季節シュー,seasonal,11,4,8,12,12,0,0,-1,1,1.0,Sold out,True,False,Previous-day preparation,False,None,None,None,inventory
2026-05-29,Shop_A,エクレア,regular,11,1,11,12,10,2,0,1,1,0.8333,Low closing stock,False,False,Previous-day preparation,False,None,None,None,inventory
2026-05-29,Shop_A,シュー,regular,27,5,25,30,29,1,0,-2,2,0.9667,Low closing stock,False,False,Previous-day preparation,False,None,None,None,inventory
2026-05-29,Shop_A,パール,regular,8,3,6,9,9,0,0,-1,1,1.0,Sold out,True,False,Previous-day preparation,False,None,None,None,inventory
2026-05-29,Shop_A,プリン,regular,10,0,11,11,11,0,0,-1,1,1.0,Sold out,True,False,Previous-day preparation,False,None,None,None,inventory
2026-05-29,Shop_A,リッチエクレア,regular,9,2,8,10,8,2,0,1,1,0.8,Low closing stock,False,False,Previous-day preparation,False,None,None,None,inventory
2026-05-29,Shop_A,リッチシュー,regular,15,0,17,17,16,1,0,-1,1,0.9412,Low closing stock,False,False,Previous-day preparation,False,None,None,None,inventory
2026-05-29,Shop_A,季節シュー,seasonal,11,0,12,12,10,2,0,1,1,0.8333,Low closing stock,False,False,Previous-day preparation,False,None,None,None,inventory
2026-05-29,Shop_B,エクレア,regular,9,0,10,10,10,0,0,-1,1,1.0,Sold out,True,False,Previous-day preparation,False,None,None,None,inventory
2026-05-29,Shop_B,シュー,regular,23,7,19,25,22,3,1,1,1,0.88,Low closing stock,False,True,Previous-day preparation,False,None,None,None,inventory
2026-05-29,Shop_B,パール,regular,6,2,5,7,7,0,0,-1,1,1.0,Sold out,True,False,Previous-day preparation,False,None,None,None,inventory
2026-05-29,Shop_B,プリン,regular,8,4,5,9,8,1,0,0,0,0.8889,Low closing stock,False,False,Previous-day preparation,False,None,None,None,inventory
2026-05-29,Shop_B,リッチエクレア,regular,6,2,5,7,4,3,0,2,2,0.5714,Low closing stock,False,False,Previous-day preparation,False,None,None,None,inventory
2026-05-29,Shop_B,リッチシュー,regular,13,0,15,15,14,1,0,-1,1,0.9333,Low closing stock,False,False,Previous-day preparation,False,None,None,None,inventory
2026-05-29,Shop_B,季節シュー,seasonal,12,0,13,13,8,5,0,4,4,0.6154,Low closing stock,False,False,Previous-day preparation,False,None,None,None,inventory
2026-05-29,Shop_C,エクレア,regular,12,2,11,13,12,1,0,0,0,0.9231,Low closing stock,False,False,Previous-day preparation,False,None,None,None,inventory
2026-05-29,Shop_C,シュー,regular,33,5,32,37,31,6,0,2,2,0.8378,Stock remaining,False,False,Previous-day preparation,False,None,None,None,inventory
2026-05-29,Shop_C,パール,regular,9,5,5,10,9,1,0,0,0,0.9,Low closing stock,False,False,Previous-day preparation,False,None,None,None,inventory
2026-05-29,Shop_C,プリン,regular,12,3,10,13,13,0,0,-1,1,1.0,Sold out,True,False,Previous-day preparation,False,None,None,None,inventory
2026-05-29,Shop_C,リッチエクレア,regular,8,1,8,9,9,0,0,-1,1,1.0,Sold out,True,False,Previous-day preparation,False,None,None,None,inventory
2026-05-29,Shop_C,リッチシュー,regular,18,0,20,20,18,2,0,0,0,0.9,Low closing stock,False,False,Previous-day preparation,False,None,None,None,inventory
2026-05-29,Shop_C,季節シュー,seasonal,13,0,15,15,14,1,0,-1,1,0.9333,Low closing stock,False,False,Previous-day preparation,False,None,None,None,inventory
2026-05-30,Shop_A,エクレア,regular,11,2,10,12,12,0,0,-1,1,1.0,Sold out,True,False,Previous-day preparation,False,None,None,None,inventory
2026-05-30,Shop_A,シュー,regular,34,1,37,38,36,2,0,-2,2,0.9474,Low closing stock,False,False,Previous-day preparation,False,None,None,None,inventory
2026-05-30,Shop_A,パール,regular,12,0,13,13,13,0,0,-1,1,1.0,Sold out,True,False,Previous-day preparation,False,None,None,None,inventory
2026-05-30,Shop_A,プリン,regular,12,0,13,13,13,0,0,-1,1,1.0,Sold out,True,False,Previous-day preparation,False,None,None,None,inventory
2026-05-30,Shop_A,リッチエクレア,regular,12,2,11,13,13,0,0,-1,1,1.0,Sold out,True,False,Previous-day preparation,False,None,None,None,inventory
2026-05-30,Shop_A,リッチシュー,regular,17,1,18,19,18,1,0,-1,1,0.9474,Low closing stock,False,False,Previous-day preparation,False,None,None,None,inventory
2026-05-30,Shop_A,季節シュー,seasonal,14,2,14,16,13,3,0,1,1,0.8125,Low closing stock,False,False,Previous-day preparation,False,None,None,None,inventory
2026-05-30,Shop_B,エクレア,regular,13,0,15,15,12,3,0,1,1,0.8,Low closing stock,False,False,Previous-day preparation,False,None,None,None,inventory
2026-05-30,Shop_B,シュー,regular,27,3,27,30,29,1,0,-2,2,0.9667,Low closing stock,False,False,Previous-day preparation,False,None,None,None,inventory
2026-05-30,Shop_B,パール,regular,11,0,12,12,11,1,0,0,0,0.9167,Low closing stock,False,False,Previous-day preparation,False,None,None,None,inventory
2026-05-30,Shop_B,プリン,regular,10,1,10,11,9,2,0,1,1,0.8182,Low closing stock,False,False,Previous-day preparation,False,None,None,None,inventory
2026-05-30,Shop_B,リッチエクレア,regular,10,3,8,11,6,5,0,4,4,0.5455,Low closing stock,False,False,Previous-day preparation,False,None,None,None,inventory
2026-05-30,Shop_B,リッチシュー,regular,15,1,16,17,13,4,0,2,2,0.7647,Low closing stock,False,False,Previous-day preparation,False,None,None,None,inventory
2026-05-30,Shop_B,季節シュー,seasonal,11,5,7,12,10,2,0,1,1,0.8333,Low closing stock,False,False,Previous-day preparation,False,None,None,None,inventory
2026-05-30,Shop_C,エクレア,regular,16,1,17,18,18,0,0,-2,2,1.0,Sold out,True,False,Previous-day preparation,False,None,None,None,inventory
2026-05-30,Shop_C,シュー,regular,39,6,38,44,41,3,0,-2,2,0.9318,Low closing stock,False,False,Previous-day preparation,False,None,None,None,inventory
2026-05-30,Shop_C,パール,regular,10,1,10,11,10,1,0,0,0,0.9091,Low closing stock,False,False,Previous-day preparation,False,None,None,None,inventory
2026-05-30,Shop_C,プリン,regular,12,0,13,13,12,1,0,0,0,0.9231,Low closing stock,False,False,Previous-day preparation,False,None,None,None,inventory
2026-05-30,Shop_C,リッチエクレア,regular,10,0,11,11,11,0,0,-1,1,1.0,Sold out,True,False,Previous-day preparation,False,None,None,None,inventory
2026-05-30,Shop_C,リッチシュー,regular,21,2,22,24,21,3,0,0,0,0.875,Low closing stock,False,False,Previous-day preparation,False,None,None,None,inventory
2026-05-30,Shop_C,季節シュー,seasonal,16,1,17,18,18,0,0,-2,2,1.0,Sold out,True,False,Previous-day preparation,False,None,None,None,inventory
2026-05-31,Shop_A,エクレア,regular,15,0,17,17,15,2,0,0,0,0.8824,Low closing stock,False,False,Previous-day preparation,False,None,None,None,inventory
2026-05-31,Shop_A,シュー,regular,36,2,38,40,36,4,0,0,0,0.9,Low closing stock,False,False,Previous-day preparation,False,None,None,None,inventory
2026-05-31,Shop_A,パール,regular,10,0,11,11,11,0,0,-1,1,1.0,Sold out,True,False,Previous-day preparation,False,None,None,None,inventory
2026-05-31,Shop_A,プリン,regular,15,0,17,17,15,2,0,0,0,0.8824,Low closing stock,False,False,Previous-day preparation,False,None,None,None,inventory
2026-05-31,Shop_A,リッチエクレア,regular,10,0,11,11,10,1,0,0,0,0.9091,Low closing stock,False,False,Previous-day preparation,False,None,None,None,inventory
2026-05-31,Shop_A,リッチシュー,regular,20,1,21,22,17,5,0,3,3,0.7727,Low closing stock,False,False,Previous-day preparation,False,None,None,None,inventory
2026-05-31,Shop_A,季節シュー,seasonal,13,3,12,15,10,5,0,3,3,0.6667,Low closing stock,False,False,Previous-day preparation,False,None,None,None,inventory
2026-05-31,Shop_B,エクレア,regular,15,3,14,17,11,6,0,4,4,0.6471,Stock remaining,False,False,Previous-day preparation,False,None,None,None,inventory
2026-05-31,Shop_B,シュー,regular,26,1,28,29,29,0,0,-3,3,1.0,Sold out,True,False,Previous-day preparation,False,None,None,None,inventory
2026-05-31,Shop_B,パール,regular,7,1,7,8,8,0,0,-1,1,1.0,Sold out,True,False,Previous-day preparation,False,None,None,None,inventory
2026-05-31,Shop_B,プリン,regular,10,2,9,11,11,0,0,-1,1,1.0,Sold out,True,False,Previous-day preparation,False,None,None,None,inventory
2026-05-31,Shop_B,リッチエクレア,regular,10,5,6,11,6,5,0,4,4,0.5455,Low closing stock,False,False,Previous-day preparation,False,None,None,None,inventory
2026-05-31,Shop_B,リッチシュー,regular,12,4,9,13,13,0,0,-1,1,1.0,Sold out,True,False,Previous-day preparation,False,None,None,None,inventory
2026-05-31,Shop_B,季節シュー,seasonal,11,2,10,12,11,1,0,0,0,0.9167,Low closing stock,False,False,Previous-day preparation,False,None,None,None,inventory
2026-05-31,Shop_C,エクレア,regular,17,0,19,19,16,3,0,1,1,0.8421,Low closing stock,False,False,Previous-day preparation,False,None,None,None,inventory
2026-05-31,Shop_C,シュー,regular,40,3,42,45,41,4,0,-1,1,0.9111,Low closing stock,False,False,Previous-day preparation,False,None,None,None,inventory
2026-05-31,Shop_C,パール,regular,16,1,17,18,11,7,0,5,5,0.6111,Stock remaining,False,False,Previous-day preparation,False,None,None,None,inventory
2026-05-31,Shop_C,プリン,regular,16,1,17,18,13,5,0,3,3,0.7222,Low closing stock,False,False,Previous-day preparation,False,None,None,None,inventory
2026-05-31,Shop_C,リッチエクレア,regular,11,0,12,12,12,0,0,-1,1,1.0,Sold out,True,False,Previous-day preparation,False,None,None,None,inventory
2026-05-31,Shop_C,リッチシュー,regular,19,3,18,21,21,0,0,-2,2,1.0,Sold out,True,False,Previous-day preparation,False,None,None,None,inventory
2026-05-31,Shop_C,季節シュー,seasonal,17,0,19,19,16,3,0,1,1,0.8421,Low closing stock,False,False,Previous-day preparation,False,None,None,None,inventory
2026-06-01,Shop_A,エクレア,regular,13,2,13,15,11,4,0,2,2,0.7333,Low closing stock,False,False,Previous-day preparation,False,None,None,None,inventory
2026-06-01,Shop_A,シュー,regular,30,4,30,34,27,7,0,3,3,0.7941,Stock remaining,False,False,Previous-day preparation,False,None,None,None,inventory
2026-06-01,Shop_A,パール,regular,8,0,9,9,9,0,0,-1,1,1.0,Sold out,True,False,Previous-day preparation,False,None,None,None,inventory
2026-06-01,Shop_A,プリン,regular,10,2,9,11,11,0,0,-1,1,1.0,Sold out,True,False,Previous-day preparation,False,None,None,None,inventory
2026-06-01,Shop_A,リッチエクレア,regular,7,1,7,8,8,0,0,-1,1,1.0,Sold out,True,False,Previous-day preparation,False,None,None,None,inventory
2026-06-01,Shop_A,リッチシュー,regular,16,5,13,18,15,3,0,1,1,0.8333,Low closing stock,False,False,Previous-day preparation,False,None,None,None,inventory
2026-06-01,Shop_A,季節シュー,seasonal,13,5,10,15,12,3,0,1,1,0.8,Low closing stock,False,False,Previous-day preparation,False,None,None,None,inventory
2026-06-01,Shop_B,エクレア,regular,11,6,6,12,9,3,0,2,2,0.75,Low closing stock,False,False,Previous-day preparation,False,None,None,None,inventory
2026-06-01,Shop_B,シュー,regular,25,0,28,28,25,3,0,0,0,0.8929,Low closing stock,False,False,Previous-day preparation,False,None,None,None,inventory
2026-06-01,Shop_B,パール,regular,9,0,10,10,6,4,0,3,3,0.6,Low closing stock,False,False,Previous-day preparation,False,None,None,None,inventory
2026-06-01,Shop_B,プリン,regular,12,0,13,13,12,1,0,0,0,0.9231,Low closing stock,False,False,Previous-day preparation,False,None,None,None,inventory
2026-06-01,Shop_B,リッチエクレア,regular,9,5,5,10,6,4,0,3,3,0.6,Low closing stock,False,False,Previous-day preparation,False,None,None,None,inventory
2026-06-01,Shop_B,リッチシュー,regular,15,0,17,17,16,1,0,-1,1,0.9412,Low closing stock,False,False,Previous-day preparation,False,None,None,None,inventory
2026-06-01,Shop_B,季節シュー,seasonal,11,1,11,12,9,3,0,2,2,0.75,Low closing stock,False,False,Previous-day preparation,False,None,None,None,inventory
2026-06-01,Shop_C,エクレア,regular,17,3,16,19,13,6,0,4,4,0.6842,Stock remaining,False,False,Previous-day preparation,False,None,None,None,inventory
2026-06-01,Shop_C,シュー,regular,31,4,31,34,34,0,1,-3,3,1.0,Sold out,True,True,Previous-day preparation,False,None,None,None,inventory
2026-06-01,Shop_C,パール,regular,10,7,4,11,9,2,0,1,1,0.8182,Low closing stock,False,False,Previous-day preparation,False,None,None,None,inventory
2026-06-01,Shop_C,プリン,regular,12,5,8,13,13,0,0,-1,1,1.0,Sold out,True,False,Previous-day preparation,False,None,None,None,inventory
2026-06-01,Shop_C,リッチエクレア,regular,10,0,11,11,11,0,0,-1,1,1.0,Sold out,True,False,Previous-day preparation,False,None,None,None,inventory
2026-06-01,Shop_C,リッチシュー,regular,18,0,20,20,19,1,0,-1,1,0.95,Low closing stock,False,False,Previous-day preparation,False,None,None,None,inventory
2026-06-01,Shop_C,季節シュー,seasonal,16,3,15,18,13,5,0,3,3,0.7222,Low closing stock,False,False,Previous-day preparation,False,None,None,None,inventory
2026-06-02,Shop_A,エクレア,regular,14,4,12,16,10,6,0,4,4,0.625,Stock remaining,False,False,Previous-day preparation,False,None,None,None,inventory
2026-06-02,Shop_A,シュー,regular,28,7,24,31,28,3,0,0,0,0.9032,Low closing stock,False,False,Previous-day preparation,False,None,None,None,inventory
2026-06-02,Shop_A,パール,regular,11,0,12,12,12,0,0,-1,1,1.0,Sold out,True,False,Previous-day preparation,False,None,None,None,inventory
2026-06-02,Shop_A,プリン,regular,12,0,13,13,8,5,0,4,4,0.6154,Low closing stock,False,False,Previous-day preparation,False,None,None,None,inventory
2026-06-02,Shop_A,リッチエクレア,regular,9,0,10,10,10,0,0,-1,1,1.0,Sold out,True,False,Previous-day preparation,False,None,None,None,inventory
2026-06-02,Shop_A,リッチシュー,regular,15,3,14,17,17,0,0,-2,2,1.0,Sold out,True,False,Previous-day preparation,False,None,None,None,inventory
2026-06-02,Shop_A,季節シュー,seasonal,13,3,12,15,8,7,0,5,5,0.5333,Stock remaining,False,False,Previous-day preparation,False,None,None,None,inventory
2026-06-02,Shop_B,エクレア,regular,11,3,9,12,12,0,0,-1,1,1.0,Sold out,True,False,Previous-day preparation,False,None,None,None,inventory
2026-06-02,Shop_B,シュー,regular,26,3,26,29,25,4,0,1,1,0.8621,Low closing stock,False,False,Previous-day preparation,False,None,None,None,inventory
2026-06-02,Shop_B,パール,regular,6,4,3,7,7,0,0,-1,1,1.0,Sold out,True,False,Previous-day preparation,False,None,None,None,inventory
2026-06-02,Shop_B,プリン,regular,8,1,8,9,7,2,0,1,1,0.7778,Low closing stock,False,False,Previous-day preparation,False,None,None,None,inventory
2026-06-02,Shop_B,リッチエクレア,regular,7,4,4,8,7,1,0,0,0,0.875,Low closing stock,False,False,Previous-day preparation,False,None,None,None,inventory
2026-06-02,Shop_B,リッチシュー,regular,12,1,12,13,13,0,0,-1,1,1.0,Sold out,True,False,Previous-day preparation,False,None,None,None,inventory
2026-06-02,Shop_B,季節シュー,seasonal,7,3,5,8,8,0,0,-1,1,1.0,Sold out,True,False,Previous-day preparation,False,None,None,None,inventory
2026-06-02,Shop_C,エクレア,regular,19,6,15,21,13,8,0,6,6,0.619,Stock remaining,False,False,Previous-day preparation,False,None,None,None,inventory
2026-06-02,Shop_C,シュー,regular,34,0,38,38,32,6,0,2,2,0.8421,Stock remaining,False,False,Previous-day preparation,False,None,None,None,inventory
2026-06-02,Shop_C,パール,regular,13,2,13,15,13,2,0,0,0,0.8667,Low closing stock,False,False,Previous-day preparation,False,None,None,None,inventory
2026-06-02,Shop_C,プリン,regular,13,0,15,15,10,5,0,3,3,0.6667,Low closing stock,False,False,Previous-day preparation,False,None,None,None,inventory
2026-06-02,Shop_C,リッチエクレア,regular,8,0,9,9,8,1,0,0,0,0.8889,Low closing stock,False,False,Previous-day preparation,False,None,None,None,inventory
2026-06-02,Shop_C,リッチシュー,regular,17,1,18,19,19,0,0,-2,2,1.0,Sold out,True,False,Previous-day preparation,False,None,None,None,inventory
2026-06-02,Shop_C,季節シュー,seasonal,11,5,7,12,12,0,0,-1,1,1.0,Sold out,True,False,Previous-day preparation,False,None,None,None,inventory
2026-06-03,Shop_A,エクレア,regular,14,6,10,16,13,3,0,1,1,0.8125,Low closing stock,False,False,Previous-day preparation,False,None,None,None,inventory
2026-06-03,Shop_A,シュー,regular,30,3,31,34,29,5,0,1,1,0.8529,Low closing stock,False,False,Previous-day preparation,False,None,None,None,inventory
2026-06-03,Shop_A,パール,regular,11,0,12,12,11,1,0,0,0,0.9167,Low closing stock,False,False,Previous-day preparation,False,None,None,None,inventory
2026-06-03,Shop_A,プリン,regular,9,5,5,10,7,3,0,2,2,0.7,Low closing stock,False,False,Previous-day preparation,False,None,None,None,inventory
2026-06-03,Shop_A,リッチエクレア,regular,10,0,11,11,7,4,0,3,3,0.6364,Low closing stock,False,False,Previous-day preparation,False,None,None,None,inventory
2026-06-03,Shop_A,リッチシュー,regular,16,0,18,18,18,0,0,-2,2,1.0,Sold out,True,False,Previous-day preparation,False,None,None,None,inventory
2026-06-03,Shop_A,季節シュー,seasonal,12,7,6,13,12,1,0,0,0,0.9231,Low closing stock,False,False,Previous-day preparation,False,None,None,None,inventory
2026-06-03,Shop_B,エクレア,regular,12,0,13,13,10,3,0,2,2,0.7692,Low closing stock,False,False,Previous-day preparation,False,None,None,None,inventory
2026-06-03,Shop_B,シュー,regular,24,4,23,27,25,2,0,-1,1,0.9259,Low closing stock,False,False,Previous-day preparation,False,None,None,None,inventory
2026-06-03,Shop_B,パール,regular,9,0,10,10,6,4,0,3,3,0.6,Low closing stock,False,False,Previous-day preparation,False,None,None,None,inventory
2026-06-03,Shop_B,プリン,regular,8,2,7,9,9,0,0,-1,1,1.0,Sold out,True,False,Previous-day preparation,False,None,None,None,inventory
2026-06-03,Shop_B,リッチエクレア,regular,5,1,5,6,6,0,0,-1,1,1.0,Sold out,True,False,Previous-day preparation,False,None,None,None,inventory
2026-06-03,Shop_B,リッチシュー,regular,17,0,19,19,15,4,0,2,2,0.7895,Low closing stock,False,False,Previous-day preparation,False,None,None,None,inventory
2026-06-03,Shop_B,季節シュー,seasonal,10,0,11,11,8,3,0,2,2,0.7273,Low closing stock,False,False,Previous-day preparation,False,None,None,None,inventory
2026-06-03,Shop_C,エクレア,regular,15,8,9,17,16,1,0,-1,1,0.9412,Low closing stock,False,False,Previous-day preparation,False,None,None,None,inventory
2026-06-03,Shop_C,シュー,regular,33,6,31,37,33,4,0,0,0,0.8919,Low closing stock,False,False,Previous-day preparation,False,None,None,None,inventory
2026-06-03,Shop_C,パール,regular,11,2,10,12,9,3,0,2,2,0.75,Low closing stock,False,False,Previous-day preparation,False,None,None,None,inventory
2026-06-03,Shop_C,プリン,regular,13,5,10,15,15,0,0,-2,2,1.0,Sold out,True,False,Previous-day preparation,False,None,None,None,inventory
2026-06-03,Shop_C,リッチエクレア,regular,8,1,8,9,9,0,0,-1,1,1.0,Sold out,True,False,Previous-day preparation,False,None,None,None,inventory
2026-06-03,Shop_C,リッチシュー,regular,19,0,21,21,16,5,0,3,3,0.7619,Low closing stock,False,False,Previous-day preparation,False,None,None,None,inventory
2026-06-03,Shop_C,季節シュー,seasonal,13,0,15,15,15,0,0,-2,2,1.0,Sold out,True,False,Previous-day preparation,False,None,None,None,inventory
2026-06-04,Shop_A,エクレア,regular,12,3,10,13,13,0,0,-1,1,1.0,Sold out,True,False,Previous-day preparation,False,None,None,None,inventory
2026-06-04,Shop_A,シュー,regular,31,5,30,35,30,5,0,1,1,0.8571,Low closing stock,False,False,Previous-day preparation,False,None,None,None,inventory
2026-06-04,Shop_A,パール,regular,12,1,12,13,7,6,0,5,5,0.5385,Stock remaining,False,False,Previous-day preparation,False,None,None,None,inventory
2026-06-04,Shop_A,プリン,regular,11,3,9,12,10,2,0,1,1,0.8333,Low closing stock,False,False,Previous-day preparation,False,None,None,None,inventory
2026-06-04,Shop_A,リッチエクレア,regular,9,4,6,10,5,5,0,4,4,0.5,Low closing stock,False,False,Previous-day preparation,False,None,None,None,inventory
2026-06-04,Shop_A,リッチシュー,regular,17,0,19,19,19,0,0,-2,2,1.0,Sold out,True,False,Previous-day preparation,False,None,None,None,inventory
2026-06-04,Shop_A,季節シュー,seasonal,11,1,11,12,12,0,0,-1,1,1.0,Sold out,True,False,Previous-day preparation,False,None,None,None,inventory
2026-06-04,Shop_B,エクレア,regular,11,3,9,12,11,1,0,0,0,0.9167,Low closing stock,False,False,Previous-day preparation,False,None,None,None,inventory
2026-06-04,Shop_B,シュー,regular,24,2,25,27,24,3,0,0,0,0.8889,Low closing stock,False,False,Previous-day preparation,False,None,None,None,inventory
2026-06-04,Shop_B,パール,regular,7,4,4,8,5,3,0,2,2,0.625,Low closing stock,False,False,Previous-day preparation,False,None,None,None,inventory
2026-06-04,Shop_B,プリン,regular,6,0,7,7,6,1,0,0,0,0.8571,Low closing stock,False,False,Previous-day preparation,False,None,None,None,inventory
2026-06-04,Shop_B,リッチエクレア,regular,10,0,11,11,2,9,0,8,8,0.1818,Stock remaining,False,False,Previous-day preparation,False,None,None,None,inventory
2026-06-04,Shop_B,リッチシュー,regular,12,4,9,13,13,0,0,-1,1,1.0,Sold out,True,False,Previous-day preparation,False,None,None,None,inventory
2026-06-04,Shop_B,季節シュー,seasonal,9,3,7,10,10,0,0,-1,1,1.0,Sold out,True,False,Previous-day preparation,False,None,None,None,inventory
2026-06-04,Shop_C,エクレア,regular,17,1,18,19,13,6,0,4,4,0.6842,Stock remaining,False,False,Previous-day preparation,False,None,None,None,inventory
2026-06-04,Shop_C,シュー,regular,33,4,33,37,36,1,0,-3,3,0.973,Low closing stock,False,False,Previous-day preparation,False,None,None,None,inventory
2026-06-04,Shop_C,パール,regular,14,3,13,16,15,1,0,-1,1,0.9375,Low closing stock,False,False,Previous-day preparation,False,None,None,None,inventory
2026-06-04,Shop_C,プリン,regular,11,0,12,12,12,0,0,-1,1,1.0,Sold out,True,False,Previous-day preparation,False,None,None,None,inventory
2026-06-04,Shop_C,リッチエクレア,regular,11,0,12,12,9,3,0,2,2,0.75,Low closing stock,False,False,Previous-day preparation,False,None,None,None,inventory
2026-06-04,Shop_C,リッチシュー,regular,18,5,15,20,16,4,0,2,2,0.8,Low closing stock,False,False,Previous-day preparation,False,None,None,None,inventory
2026-06-04,Shop_C,季節シュー,seasonal,12,0,13,13,13,0,0,-1,1,1.0,Sold out,True,False,Previous-day preparation,False,None,None,None,inventory
2026-06-05,Shop_A,エクレア,regular,9,0,10,10,10,0,0,-1,1,1.0,Sold out,True,False,Previous-day preparation,False,None,None,None,inventory
2026-06-05,Shop_A,シュー,regular,27,5,25,30,26,4,0,1,1,0.8667,Low closing stock,False,False,Previous-day preparation,False,None,None,None,inventory
2026-06-05,Shop_A,パール,regular,8,6,3,9,7,2,0,1,1,0.7778,Low closing stock,False,False,Previous-day preparation,False,None,None,None,inventory
2026-06-05,Shop_A,プリン,regular,7,2,6,8,8,0,0,-1,1,1.0,Sold out,True,False,Previous-day preparation,False,None,None,None,inventory
2026-06-05,Shop_A,リッチエクレア,regular,8,5,4,9,8,1,0,0,0,0.8889,Low closing stock,False,False,Previous-day preparation,False,None,None,None,inventory
2026-06-05,Shop_A,リッチシュー,regular,15,0,17,17,17,0,0,-2,2,1.0,Sold out,True,False,Previous-day preparation,False,None,None,None,inventory
2026-06-05,Shop_A,季節シュー,seasonal,12,0,13,13,7,6,0,5,5,0.5385,Stock remaining,False,False,Previous-day preparation,False,None,None,None,inventory
2026-06-05,Shop_B,エクレア,regular,10,1,10,11,8,3,0,2,2,0.7273,Low closing stock,False,False,Previous-day preparation,False,None,None,None,inventory
2026-06-05,Shop_B,シュー,regular,24,3,24,27,25,2,0,-1,1,0.9259,Low closing stock,False,False,Previous-day preparation,False,None,None,None,inventory
2026-06-05,Shop_B,パール,regular,5,3,3,6,6,0,0,-1,1,1.0,Sold out,True,False,Previous-day preparation,False,None,None,None,inventory
2026-06-05,Shop_B,プリン,regular,9,1,9,10,10,0,0,-1,1,1.0,Sold out,True,False,Previous-day preparation,False,None,None,None,inventory
2026-06-05,Shop_B,リッチエクレア,regular,7,9,0,9,9,0,0,-2,2,1.0,Sold out,True,False,Previous-day preparation,False,None,None,None,inventory
2026-06-05,Shop_B,リッチシュー,regular,11,0,12,12,12,0,0,-1,1,1.0,Sold out,True,False,Previous-day preparation,False,None,None,None,inventory
2026-06-05,Shop_B,季節シュー,seasonal,5,0,6,6,6,0,0,-1,1,1.0,Sold out,True,False,Previous-day preparation,False,None,None,None,inventory
2026-06-05,Shop_C,エクレア,regular,15,6,11,16,12,4,1,3,3,0.75,Low closing stock,False,True,Previous-day preparation,False,None,None,None,inventory
2026-06-05,Shop_C,シュー,regular,33,1,36,37,31,6,0,2,2,0.8378,Stock remaining,False,False,Previous-day preparation,False,None,None,None,inventory
2026-06-05,Shop_C,パール,regular,12,1,12,13,9,4,0,3,3,0.6923,Low closing stock,False,False,Previous-day preparation,False,None,None,None,inventory
2026-06-05,Shop_C,プリン,regular,13,0,15,15,11,4,0,2,2,0.7333,Low closing stock,False,False,Previous-day preparation,False,None,None,None,inventory
2026-06-05,Shop_C,リッチエクレア,regular,6,3,4,7,7,0,0,-1,1,1.0,Sold out,True,False,Previous-day preparation,False,None,None,None,inventory
2026-06-05,Shop_C,リッチシュー,regular,16,4,14,18,17,1,0,-1,1,0.9444,Low closing stock,False,False,Previous-day preparation,False,None,None,None,inventory
2026-06-05,Shop_C,季節シュー,seasonal,14,0,16,16,12,4,0,2,2,0.75,Low closing stock,False,False,Previous-day preparation,False,None,None,None,inventory
2026-06-06,Shop_A,エクレア,regular,17,0,19,19,17,2,0,0,0,0.8947,Low closing stock,False,False,Previous-day preparation,False,None,None,None,inventory
2026-06-06,Shop_A,シュー,regular,32,4,32,36,29,7,0,3,3,0.8056,Stock remaining,False,False,Previous-day preparation,False,None,None,None,inventory
2026-06-06,Shop_A,パール,regular,8,2,7,9,9,0,0,-1,1,1.0,Sold out,True,False,Previous-day preparation,False,None,None,None,inventory
2026-06-06,Shop_A,プリン,regular,15,0,17,17,11,6,0,4,4,0.6471,Stock remaining,False,False,Previous-day preparation,False,None,None,None,inventory
2026-06-06,Shop_A,リッチエクレア,regular,8,1,8,9,9,0,0,-1,1,1.0,Sold out,True,False,Previous-day preparation,False,None,None,None,inventory
2026-06-06,Shop_A,リッチシュー,regular,17,0,19,19,19,0,0,-2,2,1.0,Sold out,True,False,Previous-day preparation,False,None,None,None,inventory
2026-06-06,Shop_A,季節シュー,seasonal,14,6,10,16,14,2,0,0,0,0.875,Low closing stock,False,False,Previous-day preparation,False,None,None,None,inventory
2026-06-06,Shop_B,エクレア,regular,14,3,13,16,15,1,0,-1,1,0.9375,Low closing stock,False,False,Previous-day preparation,False,None,None,None,inventory
2026-06-06,Shop_B,シュー,regular,28,2,29,31,23,8,0,5,5,0.7419,Stock remaining,False,False,Previous-day preparation,False,None,None,None,inventory
2026-06-06,Shop_B,パール,regular,7,0,8,8,8,0,0,-1,1,1.0,Sold out,True,False,Previous-day preparation,False,None,None,None,inventory
2026-06-06,Shop_B,プリン,regular,7,0,8,8,8,0,0,-1,1,1.0,Sold out,True,False,Previous-day preparation,False,None,None,None,inventory
2026-06-06,Shop_B,リッチエクレア,regular,10,0,11,11,9,2,0,1,1,0.8182,Low closing stock,False,False,Previous-day preparation,False,None,None,None,inventory
2026-06-06,Shop_B,リッチシュー,regular,17,0,19,19,9,10,0,8,8,0.4737,Stock remaining,False,False,Previous-day preparation,False,None,None,None,inventory
2026-06-06,Shop_B,季節シュー,seasonal,10,0,11,11,11,0,0,-1,1,1.0,Sold out,True,False,Previous-day preparation,False,None,None,None,inventory
2026-06-06,Shop_C,エクレア,regular,13,4,11,15,14,1,0,-1,1,0.9333,Low closing stock,False,False,Previous-day preparation,False,None,None,None,inventory
2026-06-06,Shop_C,シュー,regular,39,6,38,44,36,8,0,3,3,0.8182,Stock remaining,False,False,Previous-day preparation,False,None,None,None,inventory
2026-06-06,Shop_C,パール,regular,11,4,8,11,11,0,1,0,0,1.0,Sold out,True,True,Previous-day preparation,False,None,None,None,inventory
2026-06-06,Shop_C,プリン,regular,12,4,9,13,11,2,0,1,1,0.8462,Low closing stock,False,False,Previous-day preparation,False,None,None,None,inventory
2026-06-06,Shop_C,リッチエクレア,regular,11,0,12,12,12,0,0,-1,1,1.0,Sold out,True,False,Previous-day preparation,False,None,None,None,inventory
2026-06-06,Shop_C,リッチシュー,regular,19,1,20,21,21,0,0,-2,2,1.0,Sold out,True,False,Previous-day preparation,False,None,None,None,inventory
2026-06-06,Shop_C,季節シュー,seasonal,16,4,14,18,15,3,0,1,1,0.8333,Low closing stock,False,False,Previous-day preparation,False,None,None,None,inventory
2026-06-07,Shop_A,エクレア,regular,12,2,11,13,13,0,0,-1,1,1.0,Sold out,True,False,Previous-day preparation,False,None,None,None,inventory
2026-06-07,Shop_A,シュー,regular,32,7,29,36,30,6,0,2,2,0.8333,Stock remaining,False,False,Previous-day preparation,False,None,None,None,inventory
2026-06-07,Shop_A,パール,regular,10,0,11,11,9,2,0,1,1,0.8182,Low closing stock,False,False,Previous-day preparation,False,None,None,None,inventory
2026-06-07,Shop_A,プリン,regular,14,6,10,16,12,4,0,2,2,0.75,Low closing stock,False,False,Previous-day preparation,False,None,None,None,inventory
2026-06-07,Shop_A,リッチエクレア,regular,9,0,10,10,9,1,0,0,0,0.9,Low closing stock,False,False,Previous-day preparation,False,None,None,None,inventory
2026-06-07,Shop_A,リッチシュー,regular,14,0,16,16,14,2,0,0,0,0.875,Low closing stock,False,False,Previous-day preparation,False,None,None,None,inventory
2026-06-07,Shop_A,季節シュー,seasonal,11,2,10,12,12,0,0,-1,1,1.0,Sold out,True,False,Previous-day preparation,False,None,None,None,inventory
2026-06-07,Shop_B,エクレア,regular,10,1,10,11,11,0,0,-1,1,1.0,Sold out,True,False,Previous-day preparation,False,None,None,None,inventory
2026-06-07,Shop_B,シュー,regular,28,8,23,31,22,9,0,6,6,0.7097,Stock remaining,False,False,Previous-day preparation,False,None,None,None,inventory
2026-06-07,Shop_B,パール,regular,6,0,7,7,7,0,0,-1,1,1.0,Sold out,True,False,Previous-day preparation,False,None,None,None,inventory
2026-06-07,Shop_B,プリン,regular,7,0,8,8,8,0,0,-1,1,1.0,Sold out,True,False,Previous-day preparation,False,None,None,None,inventory
2026-06-07,Shop_B,リッチエクレア,regular,6,2,5,7,5,2,0,1,1,0.7143,Low closing stock,False,False,Previous-day preparation,False,None,None,None,inventory
2026-06-07,Shop_B,リッチシュー,regular,15,10,7,17,14,3,0,1,1,0.8235,Low closing stock,False,False,Previous-day preparation,False,None,None,None,inventory
2026-06-07,Shop_B,季節シュー,seasonal,10,0,11,11,10,1,0,0,0,0.9091,Low closing stock,False,False,Previous-day preparation,False,None,None,None,inventory
2026-06-07,Shop_C,エクレア,regular,14,1,15,16,13,3,0,1,1,0.8125,Low closing stock,False,False,Previous-day preparation,False,None,None,None,inventory
2026-06-07,Shop_C,シュー,regular,34,8,30,38,38,0,0,-4,4,1.0,Sold out,True,False,Previous-day preparation,False,None,None,None,inventory
2026-06-07,Shop_C,パール,regular,16,0,18,18,12,6,0,4,4,0.6667,Stock remaining,False,False,Previous-day preparation,False,None,None,None,inventory
2026-06-07,Shop_C,プリン,regular,12,2,11,13,9,4,0,3,3,0.6923,Low closing stock,False,False,Previous-day preparation,False,None,None,None,inventory
2026-06-07,Shop_C,リッチエクレア,regular,12,0,13,13,9,4,0,3,3,0.6923,Low closing stock,False,False,Previous-day preparation,False,None,None,None,inventory
2026-06-07,Shop_C,リッチシュー,regular,20,0,22,22,18,4,0,2,2,0.8182,Low closing stock,False,False,Previous-day preparation,False,None,None,None,inventory
2026-06-07,Shop_C,季節シュー,seasonal,18,3,17,20,13,7,0,5,5,0.65,Stock remaining,False,False,Previous-day preparation,False,None,None,None,inventory
2026-06-08,Shop_A,エクレア,regular,10,0,11,11,11,0,0,-1,1,1.0,Sold out,True,False,Previous-day preparation,False,None,None,None,inventory
2026-06-08,Shop_A,シュー,regular,24,6,21,27,25,2,0,-1,1,0.9259,Low closing stock,False,False,Previous-day preparation,False,None,None,None,inventory
2026-06-08,Shop_A,パール,regular,7,2,6,8,8,0,0,-1,1,1.0,Sold out,True,False,Previous-day preparation,False,None,None,None,inventory
2026-06-08,Shop_A,プリン,regular,9,4,6,10,10,0,0,-1,1,1.0,Sold out,True,False,Previous-day preparation,False,None,None,None,inventory
2026-06-08,Shop_A,リッチエクレア,regular,7,1,7,8,8,0,0,-1,1,1.0,Sold out,True,False,Previous-day preparation,False,None,None,None,inventory
2026-06-08,Shop_A,リッチシュー,regular,13,2,13,15,15,0,0,-2,2,1.0,Sold out,True,False,Previous-day preparation,False,None,None,None,inventory
2026-06-08,Shop_A,季節シュー,seasonal,12,0,13,13,10,3,0,2,2,0.7692,Low closing stock,False,False,Previous-day preparation,False,None,None,None,inventory
2026-06-08,Shop_B,エクレア,regular,7,0,8,8,8,0,0,-1,1,1.0,Sold out,True,False,Previous-day preparation,False,None,None,None,inventory
2026-06-08,Shop_B,シュー,regular,20,9,13,21,21,0,1,-1,1,1.0,Sold out,True,True,Previous-day preparation,False,None,None,None,inventory
2026-06-08,Shop_B,パール,regular,6,0,7,7,7,0,0,-1,1,1.0,Sold out,True,False,Previous-day preparation,False,None,None,None,inventory
2026-06-08,Shop_B,プリン,regular,8,0,9,9,9,0,0,-1,1,1.0,Sold out,True,False,Previous-day preparation,False,None,None,None,inventory
2026-06-08,Shop_B,リッチエクレア,regular,5,2,4,6,6,0,0,-1,1,1.0,Sold out,True,False,Previous-day preparation,False,None,None,None,inventory
2026-06-08,Shop_B,リッチシュー,regular,11,3,9,12,12,0,0,-1,1,1.0,Sold out,True,False,Previous-day preparation,False,None,None,None,inventory
2026-06-08,Shop_B,季節シュー,seasonal,10,1,10,11,8,3,0,2,2,0.7273,Low closing stock,False,False,Previous-day preparation,False,None,None,None,inventory
2026-06-08,Shop_C,エクレア,regular,8,3,6,9,9,0,0,-1,1,1.0,Sold out,True,False,Previous-day preparation,False,None,None,None,inventory
2026-06-08,Shop_C,シュー,regular,33,0,37,37,28,9,0,5,5,0.7568,Stock remaining,False,False,Previous-day preparation,False,None,None,None,inventory
2026-06-08,Shop_C,パール,regular,10,6,5,11,11,0,0,-1,1,1.0,Sold out,True,False,Previous-day preparation,False,None,None,None,inventory
2026-06-08,Shop_C,プリン,regular,13,4,11,15,12,3,0,1,1,0.8,Low closing stock,False,False,Previous-day preparation,False,None,None,None,inventory
2026-06-08,Shop_C,リッチエクレア,regular,8,4,5,9,9,0,0,-1,1,1.0,Sold out,True,False,Previous-day preparation,False,None,None,None,inventory
2026-06-08,Shop_C,リッチシュー,regular,13,4,11,15,15,0,0,-2,2,1.0,Sold out,True,False,Previous-day preparation,False,None,None,None,inventory
2026-06-08,Shop_C,季節シュー,seasonal,12,7,6,13,9,4,0,3,3,0.6923,Low closing stock,False,False,Previous-day preparation,False,None,None,None,inventory
2026-06-09,Shop_A,エクレア,regular,11,0,12,12,11,1,0,0,0,0.9167,Low closing stock,False,False,Previous-day preparation,False,None,None,None,inventory
2026-06-09,Shop_A,シュー,regular,26,2,27,29,29,0,0,-3,3,1.0,Sold out,True,False,Previous-day preparation,False,None,None,None,inventory
2026-06-09,Shop_A,パール,regular,9,0,10,10,7,3,0,2,2,0.7,Low closing stock,False,False,Previous-day preparation,False,None,None,None,inventory
2026-06-09,Shop_A,プリン,regular,8,0,9,9,6,3,0,2,2,0.6667,Low closing stock,False,False,Previous-day preparation,False,None,None,None,inventory
2026-06-09,Shop_A,リッチエクレア,regular,9,0,10,10,8,2,0,1,1,0.8,Low closing stock,False,False,Previous-day preparation,False,None,None,None,inventory
2026-06-09,Shop_A,リッチシュー,regular,14,0,16,16,9,7,0,5,5,0.5625,Stock remaining,False,False,Previous-day preparation,False,None,None,None,inventory
2026-06-09,Shop_A,季節シュー,seasonal,11,3,9,12,8,4,0,3,3,0.6667,Low closing stock,False,False,Previous-day preparation,False,None,None,None,inventory
2026-06-09,Shop_B,エクレア,regular,11,0,12,12,9,3,0,2,2,0.75,Low closing stock,False,False,Previous-day preparation,False,None,None,None,inventory
2026-06-09,Shop_B,シュー,regular,20,0,22,22,19,3,0,1,1,0.8636,Low closing stock,False,False,Previous-day preparation,False,None,None,None,inventory
2026-06-09,Shop_B,パール,regular,6,0,7,7,7,0,0,-1,1,1.0,Sold out,True,False,Previous-day preparation,False,None,None,None,inventory
2026-06-09,Shop_B,プリン,regular,4,0,5,5,5,0,0,-1,1,1.0,Sold out,True,False,Previous-day preparation,False,None,None,None,inventory
2026-06-09,Shop_B,リッチエクレア,regular,7,0,8,8,3,5,0,4,4,0.375,Low closing stock,False,False,Previous-day preparation,False,None,None,None,inventory
2026-06-09,Shop_B,リッチシュー,regular,9,0,10,10,10,0,0,-1,1,1.0,Sold out,True,False,Previous-day preparation,False,None,None,None,inventory
2026-06-09,Shop_B,季節シュー,seasonal,9,3,7,10,8,2,0,1,1,0.8,Low closing stock,False,False,Previous-day preparation,False,None,None,None,inventory
2026-06-09,Shop_C,エクレア,regular,12,0,13,13,11,2,0,1,1,0.8462,Low closing stock,False,False,Previous-day preparation,False,None,None,None,inventory
2026-06-09,Shop_C,シュー,regular,28,9,22,31,26,5,0,2,2,0.8387,Low closing stock,False,False,Previous-day preparation,False,None,None,None,inventory
2026-06-09,Shop_C,パール,regular,10,0,11,11,10,1,0,0,0,0.9091,Low closing stock,False,False,Previous-day preparation,False,None,None,None,inventory
2026-06-09,Shop_C,プリン,regular,11,3,9,11,8,3,1,3,3,0.7273,Low closing stock,False,True,Previous-day preparation,False,None,None,None,inventory
2026-06-09,Shop_C,リッチエクレア,regular,9,0,10,10,10,0,0,-1,1,1.0,Sold out,True,False,Previous-day preparation,False,None,None,None,inventory
2026-06-09,Shop_C,リッチシュー,regular,16,0,18,18,17,1,0,-1,1,0.9444,Low closing stock,False,False,Previous-day preparation,False,None,None,None,inventory
2026-06-09,Shop_C,季節シュー,seasonal,13,4,11,15,11,4,0,2,2,0.7333,Low closing stock,False,False,Previous-day preparation,False,None,None,None,inventory
2026-06-10,Shop_A,エクレア,regular,10,1,10,11,11,0,0,-1,1,1.0,Sold out,True,False,Previous-day preparation,False,None,None,None,inventory
2026-06-10,Shop_A,シュー,regular,26,0,29,29,27,2,0,-1,1,0.931,Low closing stock,False,False,Previous-day preparation,False,None,None,None,inventory
2026-06-10,Shop_A,パール,regular,8,3,6,9,3,6,0,5,5,0.3333,Stock remaining,False,False,Previous-day preparation,False,None,None,None,inventory
2026-06-10,Shop_A,プリン,regular,10,3,8,11,8,3,0,2,2,0.7273,Low closing stock,False,False,Previous-day preparation,False,None,None,None,inventory
2026-06-10,Shop_A,リッチエクレア,regular,8,2,7,9,7,2,0,1,1,0.7778,Low closing stock,False,False,Previous-day preparation,False,None,None,None,inventory
2026-06-10,Shop_A,リッチシュー,regular,14,7,9,16,15,1,0,-1,1,0.9375,Low closing stock,False,False,Previous-day preparation,False,None,None,None,inventory
2026-06-10,Shop_A,季節シュー,seasonal,11,4,8,12,10,2,0,1,1,0.8333,Low closing stock,False,False,Previous-day preparation,False,None,None,None,inventory
2026-06-10,Shop_B,エクレア,regular,8,3,6,8,7,1,1,1,1,0.875,Low closing stock,False,True,Previous-day preparation,False,None,None,None,inventory
2026-06-10,Shop_B,シュー,regular,20,3,19,22,22,0,0,-2,2,1.0,Sold out,True,False,Previous-day preparation,False,None,None,None,inventory
2026-06-10,Shop_B,パール,regular,6,0,7,7,7,0,0,-1,1,1.0,Sold out,True,False,Previous-day preparation,False,None,None,None,inventory
2026-06-10,Shop_B,プリン,regular,8,0,9,9,9,0,0,-1,1,1.0,Sold out,True,False,Previous-day preparation,False,None,None,None,inventory
2026-06-10,Shop_B,リッチエクレア,regular,6,5,2,7,7,0,0,-1,1,1.0,Sold out,True,False,Previous-day preparation,False,None,None,None,inventory
2026-06-10,Shop_B,リッチシュー,regular,11,0,12,12,12,0,0,-1,1,1.0,Sold out,True,False,Previous-day preparation,False,None,None,None,inventory
2026-06-10,Shop_B,季節シュー,seasonal,10,2,9,11,8,3,0,2,2,0.7273,Low closing stock,False,False,Previous-day preparation,False,None,None,None,inventory
2026-06-10,Shop_C,エクレア,regular,14,2,14,16,13,3,0,1,1,0.8125,Low closing stock,False,False,Previous-day preparation,False,None,None,None,inventory
2026-06-10,Shop_C,シュー,regular,31,5,30,35,31,4,0,0,0,0.8857,Low closing stock,False,False,Previous-day preparation,False,None,None,None,inventory
2026-06-10,Shop_C,パール,regular,10,1,10,11,11,0,0,-1,1,1.0,Sold out,True,False,Previous-day preparation,False,None,None,None,inventory
2026-06-10,Shop_C,プリン,regular,11,3,9,12,12,0,0,-1,1,1.0,Sold out,True,False,Previous-day preparation,False,None,None,None,inventory
2026-06-10,Shop_C,リッチエクレア,regular,9,0,10,10,9,1,0,0,0,0.9,Low closing stock,False,False,Previous-day preparation,False,None,None,None,inventory
2026-06-10,Shop_C,リッチシュー,regular,14,1,15,16,14,2,0,0,0,0.875,Low closing stock,False,False,Previous-day preparation,False,None,None,None,inventory
2026-06-10,Shop_C,季節シュー,seasonal,11,4,8,11,11,0,1,0,0,1.0,Sold out,True,True,Previous-day preparation,False,None,None,None,inventory
2026-06-11,Shop_A,エクレア,regular,9,0,10,10,10,0,0,-1,1,1.0,Sold out,True,False,Previous-day preparation,False,None,None,None,inventory
2026-06-11,Shop_A,シュー,regular,27,2,28,30,29,1,0,-2,2,0.9667,Low closing stock,False,False,Previous-day preparation,False,None,None,None,inventory
2026-06-11,Shop_A,パール,regular,7,6,2,8,4,4,0,3,3,0.5,Low closing stock,False,False,Previous-day preparation,False,None,None,None,inventory
2026-06-11,Shop_A,プリン,regular,10,3,8,11,8,3,0,2,2,0.7273,Low closing stock,False,False,Previous-day preparation,False,None,None,None,inventory
2026-06-11,Shop_A,リッチエクレア,regular,9,2,8,10,8,2,0,1,1,0.8,Low closing stock,False,False,Previous-day preparation,False,None,None,None,inventory
2026-06-11,Shop_A,リッチシュー,regular,16,1,17,18,13,5,0,3,3,0.7222,Low closing stock,False,False,Previous-day preparation,False,None,None,None,inventory
2026-06-11,Shop_A,季節シュー,seasonal,11,2,10,12,12,0,0,-1,1,1.0,Sold out,True,False,Previous-day preparation,False,None,None,None,inventory
2026-06-11,Shop_B,エクレア,regular,9,1,9,10,7,3,0,2,2,0.7,Low closing stock,False,False,Previous-day preparation,False,None,None,None,inventory
2026-06-11,Shop_B,シュー,regular,23,0,26,26,23,3,0,0,0,0.8846,Low closing stock,False,False,Previous-day preparation,False,None,None,None,inventory
2026-06-11,Shop_B,パール,regular,9,0,10,10,7,3,0,2,2,0.7,Low closing stock,False,False,Previous-day preparation,False,None,None,None,inventory
2026-06-11,Shop_B,プリン,regular,9,0,10,10,10,0,0,-1,1,1.0,Sold out,True,False,Previous-day preparation,False,None,None,None,inventory
2026-06-11,Shop_B,リッチエクレア,regular,8,0,9,9,5,4,0,3,3,0.5556,Low closing stock,False,False,Previous-day preparation,False,None,None,None,inventory
2026-06-11,Shop_B,リッチシュー,regular,14,0,16,16,8,8,0,6,6,0.5,Stock remaining,False,False,Previous-day preparation,False,None,None,None,inventory
2026-06-11,Shop_B,季節シュー,seasonal,8,3,6,9,8,1,0,0,0,0.8889,Low closing stock,False,False,Previous-day preparation,False,None,None,None,inventory
2026-06-11,Shop_C,エクレア,regular,12,3,10,13,12,1,0,0,0,0.9231,Low closing stock,False,False,Previous-day preparation,False,None,None,None,inventory
2026-06-11,Shop_C,シュー,regular,31,4,31,35,31,4,0,0,0,0.8857,Low closing stock,False,False,Previous-day preparation,False,None,None,None,inventory
2026-06-11,Shop_C,パール,regular,12,0,13,13,10,3,0,2,2,0.7692,Low closing stock,False,False,Previous-day preparation,False,None,None,None,inventory
2026-06-11,Shop_C,プリン,regular,12,0,13,13,12,1,0,0,0,0.9231,Low closing stock,False,False,Previous-day preparation,False,None,None,None,inventory
2026-06-11,Shop_C,リッチエクレア,regular,9,1,9,10,8,2,0,1,1,0.8,Low closing stock,False,False,Previous-day preparation,False,None,None,None,inventory
2026-06-11,Shop_C,リッチシュー,regular,19,2,19,21,12,9,0,7,7,0.5714,Stock remaining,False,False,Previous-day preparation,False,None,None,None,inventory
2026-06-11,Shop_C,季節シュー,seasonal,11,0,12,12,12,0,0,-1,1,1.0,Sold out,True,False,Previous-day preparation,False,None,None,None,inventory
2026-06-12,Shop_A,エクレア,regular,11,0,12,12,12,0,0,-1,1,1.0,Sold out,True,False,Previous-day preparation,False,None,None,None,inventory
2026-06-12,Shop_A,シュー,regular,29,1,31,32,26,6,0,3,3,0.8125,Stock remaining,False,False,Previous-day preparation,False,None,None,None,inventory
2026-06-12,Shop_A,パール,regular,7,4,4,8,8,0,0,-1,1,1.0,Sold out,True,False,Previous-day preparation,False,None,None,None,inventory
2026-06-12,Shop_A,プリン,regular,9,3,7,10,10,0,0,-1,1,1.0,Sold out,True,False,Previous-day preparation,False,None,None,None,inventory
2026-06-12,Shop_A,リッチエクレア,regular,9,2,8,10,10,0,0,-1,1,1.0,Sold out,True,False,Previous-day preparation,False,None,None,None,inventory
2026-06-12,Shop_A,リッチシュー,regular,15,5,12,17,15,2,0,0,0,0.8824,Low closing stock,False,False,Previous-day preparation,False,None,None,None,inventory
2026-06-12,Shop_A,季節シュー,seasonal,10,0,11,11,11,0,0,-1,1,1.0,Sold out,True,False,Previous-day preparation,False,None,None,None,inventory
2026-06-12,Shop_B,エクレア,regular,9,3,7,10,7,3,0,2,2,0.7,Low closing stock,False,False,Previous-day preparation,False,None,None,None,inventory
2026-06-12,Shop_B,シュー,regular,24,3,24,27,23,4,0,1,1,0.8519,Low closing stock,False,False,Previous-day preparation,False,None,None,None,inventory
2026-06-12,Shop_B,パール,regular,7,3,5,8,5,3,0,2,2,0.625,Low closing stock,False,False,Previous-day preparation,False,None,None,None,inventory
2026-06-12,Shop_B,プリン,regular,10,0,11,11,9,2,0,1,1,0.8182,Low closing stock,False,False,Previous-day preparation,False,None,None,None,inventory
2026-06-12,Shop_B,リッチエクレア,regular,2,4,0,4,4,0,0,-2,2,1.0,Sold out,True,False,Previous-day preparation,False,None,None,None,inventory
2026-06-12,Shop_B,リッチシュー,regular,13,8,7,15,13,2,0,0,0,0.8667,Low closing stock,False,False,Previous-day preparation,False,None,None,None,inventory
2026-06-12,Shop_B,季節シュー,seasonal,10,1,10,11,9,2,0,1,1,0.8182,Low closing stock,False,False,Previous-day preparation,False,None,None,None,inventory
2026-06-12,Shop_C,エクレア,regular,14,1,15,16,12,4,0,2,2,0.75,Low closing stock,False,False,Previous-day preparation,False,None,None,None,inventory
2026-06-12,Shop_C,シュー,regular,31,4,31,35,31,4,0,0,0,0.8857,Low closing stock,False,False,Previous-day preparation,False,None,None,None,inventory
2026-06-12,Shop_C,パール,regular,9,3,7,10,10,0,0,-1,1,1.0,Sold out,True,False,Previous-day preparation,False,None,None,None,inventory
2026-06-12,Shop_C,プリン,regular,13,1,14,15,11,4,0,2,2,0.7333,Low closing stock,False,False,Previous-day preparation,False,None,None,None,inventory
2026-06-12,Shop_C,リッチエクレア,regular,10,2,9,11,7,4,0,3,3,0.6364,Low closing stock,False,False,Previous-day preparation,False,None,None,None,inventory
2026-06-12,Shop_C,リッチシュー,regular,15,9,8,17,16,1,0,-1,1,0.9412,Low closing stock,False,False,Previous-day preparation,False,None,None,None,inventory
2026-06-12,Shop_C,季節シュー,seasonal,13,0,15,15,14,1,0,-1,1,0.9333,Low closing stock,False,False,Previous-day preparation,False,None,None,None,inventory
2026-06-13,Shop_A,エクレア,regular,15,0,17,17,12,5,0,3,3,0.7059,Low closing stock,False,False,Previous-day preparation,False,None,None,None,inventory
2026-06-13,Shop_A,シュー,regular,34,6,32,38,34,4,0,0,0,0.8947,Low closing stock,False,False,Previous-day preparation,False,None,None,None,inventory
2026-06-13,Shop_A,パール,regular,13,0,15,15,13,2,0,0,0,0.8667,Low closing stock,False,False,Previous-day preparation,False,None,None,None,inventory
2026-06-13,Shop_A,プリン,regular,11,0,12,12,10,2,0,1,1,0.8333,Low closing stock,False,False,Previous-day preparation,False,None,None,None,inventory
2026-06-13,Shop_A,リッチエクレア,regular,10,0,11,11,11,0,0,-1,1,1.0,Sold out,True,False,Previous-day preparation,False,None,None,None,inventory
2026-06-13,Shop_A,リッチシュー,regular,19,2,19,21,18,3,0,1,1,0.8571,Low closing stock,False,False,Previous-day preparation,False,None,None,None,inventory
2026-06-13,Shop_A,季節シュー,seasonal,15,0,17,17,11,6,0,4,4,0.6471,Stock remaining,False,False,Previous-day preparation,False,None,None,None,inventory
2026-06-13,Shop_B,エクレア,regular,12,3,10,13,11,2,0,1,1,0.8462,Low closing stock,False,False,Previous-day preparation,False,None,None,None,inventory
2026-06-13,Shop_B,シュー,regular,29,4,28,32,30,2,0,-1,1,0.9375,Low closing stock,False,False,Previous-day preparation,False,None,None,None,inventory
2026-06-13,Shop_B,パール,regular,11,3,9,12,7,5,0,4,4,0.5833,Low closing stock,False,False,Previous-day preparation,False,None,None,None,inventory
2026-06-13,Shop_B,プリン,regular,10,2,9,11,8,3,0,2,2,0.7273,Low closing stock,False,False,Previous-day preparation,False,None,None,None,inventory
2026-06-13,Shop_B,リッチエクレア,regular,8,0,9,9,9,0,0,-1,1,1.0,Sold out,True,False,Previous-day preparation,False,None,None,None,inventory
2026-06-13,Shop_B,リッチシュー,regular,14,2,14,16,14,2,0,0,0,0.875,Low closing stock,False,False,Previous-day preparation,False,None,None,None,inventory
2026-06-13,Shop_B,季節シュー,seasonal,10,2,9,11,11,0,0,-1,1,1.0,Sold out,True,False,Previous-day preparation,False,None,None,None,inventory
2026-06-13,Shop_C,エクレア,regular,19,4,17,21,16,5,0,3,3,0.7619,Low closing stock,False,False,Previous-day preparation,False,None,None,None,inventory
2026-06-13,Shop_C,シュー,regular,41,4,42,46,43,3,0,-2,2,0.9348,Low closing stock,False,False,Previous-day preparation,False,None,None,None,inventory
2026-06-13,Shop_C,パール,regular,13,0,15,15,11,4,0,2,2,0.7333,Low closing stock,False,False,Previous-day preparation,False,None,None,None,inventory
2026-06-13,Shop_C,プリン,regular,15,4,13,17,15,2,0,0,0,0.8824,Low closing stock,False,False,Previous-day preparation,False,None,None,None,inventory
2026-06-13,Shop_C,リッチエクレア,regular,9,4,6,10,10,0,0,-1,1,1.0,Sold out,True,False,Previous-day preparation,False,None,None,None,inventory
2026-06-13,Shop_C,リッチシュー,regular,19,1,20,21,21,0,0,-2,2,1.0,Sold out,True,False,Previous-day preparation,False,None,None,None,inventory
2026-06-13,Shop_C,季節シュー,seasonal,17,1,18,19,16,3,0,1,1,0.8421,Low closing stock,False,False,Previous-day preparation,False,None,None,None,inventory
2026-06-14,Shop_A,エクレア,regular,17,5,14,19,19,0,0,-2,2,1.0,Sold out,True,False,Previous-day preparation,False,None,None,None,inventory
2026-06-14,Shop_A,シュー,regular,34,4,34,38,35,3,0,-1,1,0.9211,Low closing stock,False,False,Previous-day preparation,False,None,None,None,inventory
2026-06-14,Shop_A,パール,regular,10,2,9,11,11,0,0,-1,1,1.0,Sold out,True,False,Previous-day preparation,False,None,None,None,inventory
2026-06-14,Shop_A,プリン,regular,12,2,11,13,13,0,0,-1,1,1.0,Sold out,True,False,Previous-day preparation,False,None,None,None,inventory
2026-06-14,Shop_A,リッチエクレア,regular,6,0,7,7,3,4,0,3,3,0.4286,Low closing stock,False,False,Previous-day preparation,False,None,None,None,inventory
2026-06-14,Shop_A,リッチシュー,regular,19,3,18,21,18,3,0,1,1,0.8571,Low closing stock,False,False,Previous-day preparation,False,None,None,None,inventory
2026-06-14,Shop_A,季節シュー,seasonal,11,6,6,12,12,0,0,-1,1,1.0,Sold out,True,False,Previous-day preparation,False,None,None,None,inventory
2026-06-14,Shop_B,エクレア,regular,12,2,11,12,11,1,1,1,1,0.9167,Low closing stock,False,True,Previous-day preparation,False,None,None,None,inventory
2026-06-14,Shop_B,シュー,regular,30,2,32,34,28,6,0,2,2,0.8235,Stock remaining,False,False,Previous-day preparation,False,None,None,None,inventory
2026-06-14,Shop_B,パール,regular,11,5,7,12,11,1,0,0,0,0.9167,Low closing stock,False,False,Previous-day preparation,False,None,None,None,inventory
2026-06-14,Shop_B,プリン,regular,9,3,7,10,10,0,0,-1,1,1.0,Sold out,True,False,Previous-day preparation,False,None,None,None,inventory
2026-06-14,Shop_B,リッチエクレア,regular,10,0,11,11,8,3,0,2,2,0.7273,Low closing stock,False,False,Previous-day preparation,False,None,None,None,inventory
2026-06-14,Shop_B,リッチシュー,regular,15,2,15,17,17,0,0,-2,2,1.0,Sold out,True,False,Previous-day preparation,False,None,None,None,inventory
2026-06-14,Shop_B,季節シュー,seasonal,11,0,12,12,12,0,0,-1,1,1.0,Sold out,True,False,Previous-day preparation,False,None,None,None,inventory
2026-06-14,Shop_C,エクレア,regular,18,5,15,19,16,3,1,2,2,0.8421,Low closing stock,False,True,Previous-day preparation,False,None,None,None,inventory
2026-06-14,Shop_C,シュー,regular,43,3,45,48,42,6,0,1,1,0.875,Stock remaining,False,False,Previous-day preparation,False,None,None,None,inventory
2026-06-14,Shop_C,パール,regular,11,4,8,12,12,0,0,-1,1,1.0,Sold out,True,False,Previous-day preparation,False,None,None,None,inventory
2026-06-14,Shop_C,プリン,regular,13,2,13,15,15,0,0,-2,2,1.0,Sold out,True,False,Previous-day preparation,False,None,None,None,inventory
2026-06-14,Shop_C,リッチエクレア,regular,12,0,13,13,13,0,0,-1,1,1.0,Sold out,True,False,Previous-day preparation,False,None,None,None,inventory
2026-06-14,Shop_C,リッチシュー,regular,23,0,26,26,23,3,0,0,0,0.8846,Low closing stock,False,False,Previous-day preparation,False,None,None,None,inventory
2026-06-14,Shop_C,季節シュー,seasonal,16,3,15,18,17,1,0,-1,1,0.9444,Low closing stock,False,False,Previous-day preparation,False,None,None,None,inventory
2026-06-15,Shop_A,エクレア,regular,14,0,16,16,13,3,0,1,1,0.8125,Low closing stock,False,False,Previous-day preparation,False,None,None,None,inventory
2026-06-15,Shop_A,シュー,regular,28,3,28,31,31,0,0,-3,3,1.0,Sold out,True,False,Previous-day preparation,False,None,None,None,inventory
2026-06-15,Shop_A,パール,regular,9,0,10,10,10,0,0,-1,1,1.0,Sold out,True,False,Previous-day preparation,False,None,None,None,inventory
2026-06-15,Shop_A,プリン,regular,11,0,12,12,12,0,0,-1,1,1.0,Sold out,True,False,Previous-day preparation,False,None,None,None,inventory
2026-06-15,Shop_A,リッチエクレア,regular,6,4,3,7,7,0,0,-1,1,1.0,Sold out,True,False,Previous-day preparation,False,None,None,None,inventory
2026-06-15,Shop_A,リッチシュー,regular,17,3,16,18,16,2,1,1,1,0.8889,Low closing stock,False,True,Previous-day preparation,False,None,None,None,inventory
2026-06-15,Shop_A,季節シュー,seasonal,11,0,12,12,11,1,0,0,0,0.9167,Low closing stock,False,False,Previous-day preparation,False,None,None,None,inventory
2026-06-15,Shop_B,エクレア,regular,12,1,12,13,10,3,0,2,2,0.7692,Low closing stock,False,False,Previous-day preparation,False,None,None,None,inventory
2026-06-15,Shop_B,シュー,regular,25,6,22,28,25,3,0,0,0,0.8929,Low closing stock,False,False,Previous-day preparation,False,None,None,None,inventory
2026-06-15,Shop_B,パール,regular,10,1,10,11,5,6,0,5,5,0.4545,Stock remaining,False,False,Previous-day preparation,False,None,None,None,inventory
2026-06-15,Shop_B,プリン,regular,11,0,12,12,11,1,0,0,0,0.9167,Low closing stock,False,False,Previous-day preparation,False,None,None,None,inventory
2026-06-15,Shop_B,リッチエクレア,regular,7,3,5,8,8,0,0,-1,1,1.0,Sold out,True,False,Previous-day preparation,False,None,None,None,inventory
2026-06-15,Shop_B,リッチシュー,regular,13,0,15,15,14,1,0,-1,1,0.9333,Low closing stock,False,False,Previous-day preparation,False,None,None,None,inventory
2026-06-15,Shop_B,季節シュー,seasonal,10,0,11,11,9,2,0,1,1,0.8182,Low closing stock,False,False,Previous-day preparation,False,None,None,None,inventory
2026-06-15,Shop_C,エクレア,regular,15,3,14,17,13,4,0,2,2,0.7647,Low closing stock,False,False,Previous-day preparation,False,None,None,None,inventory
2026-06-15,Shop_C,シュー,regular,36,6,34,40,36,4,0,0,0,0.9,Low closing stock,False,False,Previous-day preparation,False,None,None,None,inventory
2026-06-15,Shop_C,パール,regular,9,0,10,10,10,0,0,-1,1,1.0,Sold out,True,False,Previous-day preparation,False,None,None,None,inventory
2026-06-15,Shop_C,プリン,regular,14,0,16,16,14,2,0,0,0,0.875,Low closing stock,False,False,Previous-day preparation,False,None,None,None,inventory
2026-06-15,Shop_C,リッチエクレア,regular,11,0,12,12,12,0,0,-1,1,1.0,Sold out,True,False,Previous-day preparation,False,None,None,None,inventory
2026-06-15,Shop_C,リッチシュー,regular,18,3,17,20,20,0,0,-2,2,1.0,Sold out,True,False,Previous-day preparation,False,None,None,None,inventory
2026-06-15,Shop_C,季節シュー,seasonal,13,1,14,15,14,1,0,-1,1,0.9333,Low closing stock,False,False,Previous-day preparation,False,None,None,None,inventory
2026-06-16,Shop_A,エクレア,regular,14,3,13,16,15,1,0,-1,1,0.9375,Low closing stock,False,False,Previous-day preparation,False,None,None,None,inventory
2026-06-16,Shop_A,シュー,regular,31,0,35,35,35,0,0,-4,4,1.0,Sold out,True,False,Previous-day preparation,False,None,None,None,inventory
2026-06-16,Shop_A,パール,regular,9,0,10,10,7,3,0,2,2,0.7,Low closing stock,False,False,Previous-day preparation,False,None,None,None,inventory
2026-06-16,Shop_A,プリン,regular,8,0,9,9,9,0,0,-1,1,1.0,Sold out,True,False,Previous-day preparation,False,None,None,None,inventory
2026-06-16,Shop_A,リッチエクレア,regular,7,0,8,8,8,0,0,-1,1,1.0,Sold out,True,False,Previous-day preparation,False,None,None,None,inventory
2026-06-16,Shop_A,リッチシュー,regular,17,2,17,19,14,5,0,3,3,0.7368,Low closing stock,False,False,Previous-day preparation,False,None,None,None,inventory
2026-06-16,Shop_A,季節シュー,seasonal,12,1,12,13,13,0,0,-1,1,1.0,Sold out,True,False,Previous-day preparation,False,None,None,None,inventory
2026-06-16,Shop_B,エクレア,regular,11,3,9,12,11,1,0,0,0,0.9167,Low closing stock,False,False,Previous-day preparation,False,None,None,None,inventory
2026-06-16,Shop_B,シュー,regular,28,3,28,31,26,5,0,2,2,0.8387,Low closing stock,False,False,Previous-day preparation,False,None,None,None,inventory
2026-06-16,Shop_B,パール,regular,5,6,0,5,5,0,1,0,0,1.0,Sold out,True,True,Previous-day preparation,False,None,None,None,inventory
2026-06-16,Shop_B,プリン,regular,10,1,10,11,10,1,0,0,0,0.9091,Low closing stock,False,False,Previous-day preparation,False,None,None,None,inventory
2026-06-16,Shop_B,リッチエクレア,regular,8,0,9,9,9,0,0,-1,1,1.0,Sold out,True,False,Previous-day preparation,False,None,None,None,inventory
2026-06-16,Shop_B,リッチシュー,regular,12,1,12,13,13,0,0,-1,1,1.0,Sold out,True,False,Previous-day preparation,False,None,None,None,inventory
2026-06-16,Shop_B,季節シュー,seasonal,9,2,8,10,7,3,0,2,2,0.7,Low closing stock,False,False,Previous-day preparation,False,None,None,None,inventory
2026-06-16,Shop_C,エクレア,regular,12,4,9,13,13,0,0,-1,1,1.0,Sold out,True,False,Previous-day preparation,False,None,None,None,inventory
2026-06-16,Shop_C,シュー,regular,33,4,33,37,37,0,0,-4,4,1.0,Sold out,True,False,Previous-day preparation,False,None,None,None,inventory
2026-06-16,Shop_C,パール,regular,9,0,10,10,10,0,0,-1,1,1.0,Sold out,True,False,Previous-day preparation,False,None,None,None,inventory
2026-06-16,Shop_C,プリン,regular,12,2,11,13,13,0,0,-1,1,1.0,Sold out,True,False,Previous-day preparation,False,None,None,None,inventory
2026-06-16,Shop_C,リッチエクレア,regular,11,0,12,12,9,3,0,2,2,0.75,Low closing stock,False,False,Previous-day preparation,False,None,None,None,inventory
2026-06-16,Shop_C,リッチシュー,regular,16,0,18,18,18,0,0,-2,2,1.0,Sold out,True,False,Previous-day preparation,False,None,None,None,inventory
2026-06-16,Shop_C,季節シュー,seasonal,13,1,14,15,15,0,0,-2,2,1.0,Sold out,True,False,Previous-day preparation,False,None,None,None,inventory
2026-06-17,Shop_A,エクレア,regular,12,1,12,13,12,1,0,0,0,0.9231,Low closing stock,False,False,Previous-day preparation,False,None,None,None,inventory
2026-06-17,Shop_A,シュー,regular,30,0,34,34,25,9,0,5,5,0.7353,Stock remaining,False,False,Previous-day preparation,False,None,None,None,inventory
2026-06-17,Shop_A,パール,regular,10,3,8,11,8,3,0,2,2,0.7273,Low closing stock,False,False,Previous-day preparation,False,None,None,None,inventory
2026-06-17,Shop_A,プリン,regular,11,0,12,12,12,0,0,-1,1,1.0,Sold out,True,False,Previous-day preparation,False,None,None,None,inventory
2026-06-17,Shop_A,リッチエクレア,regular,8,0,9,9,8,1,0,0,0,0.8889,Low closing stock,False,False,Previous-day preparation,False,None,None,None,inventory
2026-06-17,Shop_A,リッチシュー,regular,14,5,11,16,15,1,0,-1,1,0.9375,Low closing stock,False,False,Previous-day preparation,False,None,None,None,inventory
2026-06-17,Shop_A,季節シュー,seasonal,12,0,13,13,11,2,0,1,1,0.8462,Low closing stock,False,False,Previous-day preparation,False,None,None,None,inventory
2026-06-17,Shop_B,エクレア,regular,13,1,14,15,7,8,0,6,6,0.4667,Stock remaining,False,False,Previous-day preparation,False,None,None,None,inventory
2026-06-17,Shop_B,シュー,regular,26,5,24,29,29,0,0,-3,3,1.0,Sold out,True,False,Previous-day preparation,False,None,None,None,inventory
2026-06-17,Shop_B,パール,regular,6,0,7,7,7,0,0,-1,1,1.0,Sold out,True,False,Previous-day preparation,False,None,None,None,inventory
2026-06-17,Shop_B,プリン,regular,8,1,8,9,9,0,0,-1,1,1.0,Sold out,True,False,Previous-day preparation,False,None,None,None,inventory
2026-06-17,Shop_B,リッチエクレア,regular,5,0,6,6,6,0,0,-1,1,1.0,Sold out,True,False,Previous-day preparation,False,None,None,None,inventory
2026-06-17,Shop_B,リッチシュー,regular,12,0,13,13,13,0,0,-1,1,1.0,Sold out,True,False,Previous-day preparation,False,None,None,None,inventory
2026-06-17,Shop_B,季節シュー,seasonal,9,3,7,9,9,0,1,0,0,1.0,Sold out,True,True,Previous-day preparation,False,None,None,None,inventory
2026-06-17,Shop_C,エクレア,regular,14,0,16,16,16,0,0,-2,2,1.0,Sold out,True,False,Previous-day preparation,False,None,None,None,inventory
2026-06-17,Shop_C,シュー,regular,36,0,40,40,33,7,0,3,3,0.825,Stock remaining,False,False,Previous-day preparation,False,None,None,None,inventory
2026-06-17,Shop_C,パール,regular,10,0,11,11,11,0,0,-1,1,1.0,Sold out,True,False,Previous-day preparation,False,None,None,None,inventory
2026-06-17,Shop_C,プリン,regular,13,0,15,15,15,0,0,-2,2,1.0,Sold out,True,False,Previous-day preparation,False,None,None,None,inventory
2026-06-17,Shop_C,リッチエクレア,regular,10,3,8,11,11,0,0,-1,1,1.0,Sold out,True,False,Previous-day preparation,False,None,None,None,inventory
2026-06-17,Shop_C,リッチシュー,regular,20,0,22,22,16,6,0,4,4,0.7273,Stock remaining,False,False,Previous-day preparation,False,None,None,None,inventory
2026-06-17,Shop_C,季節シュー,seasonal,15,0,17,17,13,4,0,2,2,0.7647,Low closing stock,False,False,Previous-day preparation,False,None,None,None,inventory
2026-06-18,Shop_A,エクレア,regular,12,1,12,13,13,0,0,-1,1,1.0,Sold out,True,False,Previous-day preparation,False,None,None,None,inventory
2026-06-18,Shop_A,シュー,regular,29,9,23,32,28,4,0,1,1,0.875,Low closing stock,False,False,Previous-day preparation,False,None,None,None,inventory
2026-06-18,Shop_A,パール,regular,9,3,7,10,10,0,0,-1,1,1.0,Sold out,True,False,Previous-day preparation,False,None,None,None,inventory
2026-06-18,Shop_A,プリン,regular,12,0,13,13,7,6,0,5,5,0.5385,Stock remaining,False,False,Previous-day preparation,False,None,None,None,inventory
2026-06-18,Shop_A,リッチエクレア,regular,9,1,9,10,9,1,0,0,0,0.9,Low closing stock,False,False,Previous-day preparation,False,None,None,None,inventory
2026-06-18,Shop_A,リッチシュー,regular,17,1,18,19,16,3,0,1,1,0.8421,Low closing stock,False,False,Previous-day preparation,False,None,None,None,inventory
2026-06-18,Shop_A,季節シュー,seasonal,13,2,13,15,9,6,0,4,4,0.6,Stock remaining,False,False,Previous-day preparation,False,None,None,None,inventory
2026-06-18,Shop_B,エクレア,regular,11,8,4,12,10,2,0,1,1,0.8333,Low closing stock,False,False,Previous-day preparation,False,None,None,None,inventory
2026-06-18,Shop_B,シュー,regular,23,0,26,26,22,4,0,1,1,0.8462,Low closing stock,False,False,Previous-day preparation,False,None,None,None,inventory
2026-06-18,Shop_B,パール,regular,5,0,6,6,6,0,0,-1,1,1.0,Sold out,True,False,Previous-day preparation,False,None,None,None,inventory
2026-06-18,Shop_B,プリン,regular,7,0,8,8,8,0,0,-1,1,1.0,Sold out,True,False,Previous-day preparation,False,None,None,None,inventory
2026-06-18,Shop_B,リッチエクレア,regular,3,0,4,4,4,0,0,-1,1,1.0,Sold out,True,False,Previous-day preparation,False,None,None,None,inventory
2026-06-18,Shop_B,リッチシュー,regular,12,0,13,13,12,1,0,0,0,0.9231,Low closing stock,False,False,Previous-day preparation,False,None,None,None,inventory
2026-06-18,Shop_B,季節シュー,seasonal,9,0,10,10,9,1,0,0,0,0.9,Low closing stock,False,False,Previous-day preparation,False,None,None,None,inventory
2026-06-18,Shop_C,エクレア,regular,16,0,18,18,18,0,0,-2,2,1.0,Sold out,True,False,Previous-day preparation,False,None,None,None,inventory
2026-06-18,Shop_C,シュー,regular,32,7,29,36,31,5,0,1,1,0.8611,Low closing stock,False,False,Previous-day preparation,False,None,None,None,inventory
2026-06-18,Shop_C,パール,regular,10,0,11,11,11,0,0,-1,1,1.0,Sold out,True,False,Previous-day preparation,False,None,None,None,inventory
2026-06-18,Shop_C,プリン,regular,11,0,12,12,10,2,0,1,1,0.8333,Low closing stock,False,False,Previous-day preparation,False,None,None,None,inventory
2026-06-18,Shop_C,リッチエクレア,regular,8,0,9,9,8,1,0,0,0,0.8889,Low closing stock,False,False,Previous-day preparation,False,None,None,None,inventory
2026-06-18,Shop_C,リッチシュー,regular,16,6,12,18,18,0,0,-2,2,1.0,Sold out,True,False,Previous-day preparation,False,None,None,None,inventory
2026-06-18,Shop_C,季節シュー,seasonal,12,4,9,13,13,0,0,-1,1,1.0,Sold out,True,False,Previous-day preparation,False,None,None,None,inventory
2026-06-19,Shop_A,エクレア,regular,14,0,16,16,11,5,0,3,3,0.6875,Low closing stock,False,False,Previous-day preparation,False,None,None,None,inventory
2026-06-19,Shop_A,シュー,regular,27,4,26,29,29,0,1,-2,2,1.0,Sold out,True,True,Previous-day preparation,False,None,None,None,inventory
2026-06-19,Shop_A,パール,regular,11,0,12,12,7,5,0,4,4,0.5833,Low closing stock,False,False,Previous-day preparation,False,None,None,None,inventory
2026-06-19,Shop_A,プリン,regular,10,6,5,11,11,0,0,-1,1,1.0,Sold out,True,False,Previous-day preparation,False,None,None,None,inventory
2026-06-19,Shop_A,リッチエクレア,regular,6,1,6,7,7,0,0,-1,1,1.0,Sold out,True,False,Previous-day preparation,False,None,None,None,inventory
2026-06-19,Shop_A,リッチシュー,regular,17,3,16,19,15,4,0,2,2,0.7895,Low closing stock,False,False,Previous-day preparation,False,None,None,None,inventory
2026-06-19,Shop_A,季節シュー,seasonal,12,6,7,13,13,0,0,-1,1,1.0,Sold out,True,False,Previous-day preparation,False,None,None,None,inventory
2026-06-19,Shop_B,エクレア,regular,11,2,10,12,7,5,0,4,4,0.5833,Low closing stock,False,False,Previous-day preparation,False,None,None,None,inventory
2026-06-19,Shop_B,シュー,regular,22,4,21,25,25,0,0,-3,3,1.0,Sold out,True,False,Previous-day preparation,False,None,None,None,inventory
2026-06-19,Shop_B,パール,regular,6,0,7,7,6,1,0,0,0,0.8571,Low closing stock,False,False,Previous-day preparation,False,None,None,None,inventory
2026-06-19,Shop_B,プリン,regular,8,0,9,9,9,0,0,-1,1,1.0,Sold out,True,False,Previous-day preparation,False,None,None,None,inventory
2026-06-19,Shop_B,リッチエクレア,regular,7,0,8,8,7,1,0,0,0,0.875,Low closing stock,False,False,Previous-day preparation,False,None,None,None,inventory
2026-06-19,Shop_B,リッチシュー,regular,11,1,11,12,9,3,0,2,2,0.75,Low closing stock,False,False,Previous-day preparation,False,None,None,None,inventory
2026-06-19,Shop_B,季節シュー,seasonal,13,1,14,15,7,8,0,6,6,0.4667,Stock remaining,False,False,Previous-day preparation,False,None,None,None,inventory
2026-06-19,Shop_C,エクレア,regular,13,0,15,15,14,1,0,-1,1,0.9333,Low closing stock,False,False,Previous-day preparation,False,None,None,None,inventory
2026-06-19,Shop_C,シュー,regular,33,5,32,37,32,5,0,1,1,0.8649,Low closing stock,False,False,Previous-day preparation,False,None,None,None,inventory
2026-06-19,Shop_C,パール,regular,12,0,13,13,12,1,0,0,0,0.9231,Low closing stock,False,False,Previous-day preparation,False,None,None,None,inventory
2026-06-19,Shop_C,プリン,regular,11,2,10,12,11,1,0,0,0,0.9167,Low closing stock,False,False,Previous-day preparation,False,None,None,None,inventory
2026-06-19,Shop_C,リッチエクレア,regular,9,1,9,10,9,1,0,0,0,0.9,Low closing stock,False,False,Previous-day preparation,False,None,None,None,inventory
2026-06-19,Shop_C,リッチシュー,regular,17,0,19,19,15,4,0,2,2,0.7895,Low closing stock,False,False,Previous-day preparation,False,None,None,None,inventory
2026-06-19,Shop_C,季節シュー,seasonal,13,0,15,15,12,3,0,1,1,0.8,Low closing stock,False,False,Previous-day preparation,False,None,None,None,inventory
2026-06-20,Shop_A,エクレア,regular,14,5,11,16,16,0,0,-2,2,1.0,Sold out,True,False,Previous-day preparation,True,Synthetic shop anniversary,Half-price choux,シュー,inventory
2026-06-20,Shop_A,シュー,regular,33,0,37,37,30,7,0,3,3,0.8108,Stock remaining,False,False,Previous-day preparation,True,Synthetic shop anniversary,Half-price choux,シュー,inventory
2026-06-20,Shop_A,パール,regular,13,5,10,15,13,2,0,0,0,0.8667,Low closing stock,False,False,Previous-day preparation,True,Synthetic shop anniversary,Half-price choux,シュー,inventory
2026-06-20,Shop_A,プリン,regular,11,0,12,12,9,3,0,2,2,0.75,Low closing stock,False,False,Previous-day preparation,True,Synthetic shop anniversary,Half-price choux,シュー,inventory
2026-06-20,Shop_A,リッチエクレア,regular,7,0,8,8,8,0,0,-1,1,1.0,Sold out,True,False,Previous-day preparation,True,Synthetic shop anniversary,Half-price choux,シュー,inventory
2026-06-20,Shop_A,リッチシュー,regular,19,4,17,21,16,5,0,3,3,0.7619,Low closing stock,False,False,Previous-day preparation,True,Synthetic shop anniversary,Half-price choux,シュー,inventory
2026-06-20,Shop_A,季節シュー,seasonal,14,0,16,16,13,3,0,1,1,0.8125,Low closing stock,False,False,Previous-day preparation,True,Synthetic shop anniversary,Half-price choux,シュー,inventory
2026-06-20,Shop_B,エクレア,regular,12,5,8,13,11,2,0,1,1,0.8462,Low closing stock,False,False,Previous-day preparation,False,None,None,None,inventory
2026-06-20,Shop_B,シュー,regular,27,0,30,30,26,4,0,1,1,0.8667,Low closing stock,False,False,Previous-day preparation,False,None,None,None,inventory
2026-06-20,Shop_B,パール,regular,9,1,9,10,10,0,0,-1,1,1.0,Sold out,True,False,Previous-day preparation,False,None,None,None,inventory
2026-06-20,Shop_B,プリン,regular,8,0,9,9,7,2,0,1,1,0.7778,Low closing stock,False,False,Previous-day preparation,False,None,None,None,inventory
2026-06-20,Shop_B,リッチエクレア,regular,11,1,11,12,8,4,0,3,3,0.6667,Low closing stock,False,False,Previous-day preparation,False,None,None,None,inventory
2026-06-20,Shop_B,リッチシュー,regular,12,3,10,13,13,0,0,-1,1,1.0,Sold out,True,False,Previous-day preparation,False,None,None,None,inventory
2026-06-20,Shop_B,季節シュー,seasonal,11,8,4,12,8,4,0,3,3,0.6667,Low closing stock,False,False,Previous-day preparation,False,None,None,None,inventory
2026-06-20,Shop_C,エクレア,regular,15,1,16,17,16,1,0,-1,1,0.9412,Low closing stock,False,False,Previous-day preparation,False,None,None,None,inventory
2026-06-20,Shop_C,シュー,regular,39,5,39,44,37,7,0,2,2,0.8409,Stock remaining,False,False,Previous-day preparation,False,None,None,None,inventory
2026-06-20,Shop_C,パール,regular,9,1,9,10,10,0,0,-1,1,1.0,Sold out,True,False,Previous-day preparation,False,None,None,None,inventory
2026-06-20,Shop_C,プリン,regular,13,1,14,15,14,1,0,-1,1,0.9333,Low closing stock,False,False,Previous-day preparation,False,None,None,None,inventory
2026-06-20,Shop_C,リッチエクレア,regular,13,1,14,15,11,4,0,2,2,0.7333,Low closing stock,False,False,Previous-day preparation,False,None,None,None,inventory
2026-06-20,Shop_C,リッチシュー,regular,20,4,18,22,19,3,0,1,1,0.8636,Low closing stock,False,False,Previous-day preparation,False,None,None,None,inventory
2026-06-20,Shop_C,季節シュー,seasonal,12,3,10,13,13,0,0,-1,1,1.0,Sold out,True,False,Previous-day preparation,False,None,None,None,inventory
2026-06-21,Shop_A,エクレア,regular,10,0,11,11,11,0,0,-1,1,1.0,Sold out,True,False,Previous-day preparation,False,None,None,None,inventory
2026-06-21,Shop_A,シュー,regular,29,7,25,32,31,1,0,-2,2,0.9688,Low closing stock,False,False,Previous-day preparation,False,None,None,None,inventory
2026-06-21,Shop_A,パール,regular,10,2,9,11,7,4,0,3,3,0.6364,Low closing stock,False,False,Previous-day preparation,False,None,None,None,inventory
2026-06-21,Shop_A,プリン,regular,7,3,5,8,8,0,0,-1,1,1.0,Sold out,True,False,Previous-day preparation,False,None,None,None,inventory
2026-06-21,Shop_A,リッチエクレア,regular,10,0,11,11,8,3,0,2,2,0.7273,Low closing stock,False,False,Previous-day preparation,False,None,None,None,inventory
2026-06-21,Shop_A,リッチシュー,regular,16,5,13,18,15,3,0,1,1,0.8333,Low closing stock,False,False,Previous-day preparation,False,None,None,None,inventory
2026-06-21,Shop_A,季節シュー,seasonal,12,3,10,13,12,1,0,0,0,0.9231,Low closing stock,False,False,Previous-day preparation,False,None,None,None,inventory
2026-06-21,Shop_B,エクレア,regular,13,2,13,15,9,6,0,4,4,0.6,Stock remaining,False,False,Previous-day preparation,False,None,None,None,inventory
2026-06-21,Shop_B,シュー,regular,25,4,24,28,27,1,0,-2,2,0.9643,Low closing stock,False,False,Previous-day preparation,False,None,None,None,inventory
2026-06-21,Shop_B,パール,regular,10,0,11,11,11,0,0,-1,1,1.0,Sold out,True,False,Previous-day preparation,False,None,None,None,inventory
2026-06-21,Shop_B,プリン,regular,8,2,7,9,9,0,0,-1,1,1.0,Sold out,True,False,Previous-day preparation,False,None,None,None,inventory
2026-06-21,Shop_B,リッチエクレア,regular,8,4,5,9,7,2,0,1,1,0.7778,Low closing stock,False,False,Previous-day preparation,False,None,None,None,inventory
2026-06-21,Shop_B,リッチシュー,regular,13,0,15,15,15,0,0,-2,2,1.0,Sold out,True,False,Previous-day preparation,False,None,None,None,inventory
2026-06-21,Shop_B,季節シュー,seasonal,10,4,7,11,6,5,0,4,4,0.5455,Low closing stock,False,False,Previous-day preparation,False,None,None,None,inventory
2026-06-21,Shop_C,エクレア,regular,16,1,17,18,16,2,0,0,0,0.8889,Low closing stock,False,False,Previous-day preparation,False,None,None,None,inventory
2026-06-21,Shop_C,シュー,regular,35,7,32,39,35,4,0,0,0,0.8974,Low closing stock,False,False,Previous-day preparation,False,None,None,None,inventory
2026-06-21,Shop_C,パール,regular,13,0,15,15,12,3,0,1,1,0.8,Low closing stock,False,False,Previous-day preparation,False,None,None,None,inventory
2026-06-21,Shop_C,プリン,regular,12,1,12,13,13,0,0,-1,1,1.0,Sold out,True,False,Previous-day preparation,False,None,None,None,inventory
2026-06-21,Shop_C,リッチエクレア,regular,10,4,7,11,11,0,0,-1,1,1.0,Sold out,True,False,Previous-day preparation,False,None,None,None,inventory
2026-06-21,Shop_C,リッチシュー,regular,22,3,22,25,22,3,0,0,0,0.88,Low closing stock,False,False,Previous-day preparation,False,None,None,None,inventory
2026-06-21,Shop_C,季節シュー,seasonal,14,0,16,16,13,3,0,1,1,0.8125,Low closing stock,False,False,Previous-day preparation,False,None,None,None,inventory
2026-06-22,Shop_A,エクレア,regular,8,0,9,9,9,0,0,-1,1,1.0,Sold out,True,False,Previous-day preparation,False,None,None,None,inventory
2026-06-22,Shop_A,シュー,regular,28,1,30,31,28,3,0,0,0,0.9032,Low closing stock,False,False,Previous-day preparation,False,None,None,None,inventory
2026-06-22,Shop_A,パール,regular,8,4,5,9,9,0,0,-1,1,1.0,Sold out,True,False,Previous-day preparation,False,None,None,None,inventory
2026-06-22,Shop_A,プリン,regular,9,0,10,10,10,0,0,-1,1,1.0,Sold out,True,False,Previous-day preparation,False,None,None,None,inventory
2026-06-22,Shop_A,リッチエクレア,regular,7,3,5,8,8,0,0,-1,1,1.0,Sold out,True,False,Previous-day preparation,False,None,None,None,inventory
2026-06-22,Shop_A,リッチシュー,regular,13,3,12,15,15,0,0,-2,2,1.0,Sold out,True,False,Previous-day preparation,False,None,None,None,inventory
2026-06-22,Shop_A,季節シュー,seasonal,10,1,10,11,9,2,0,1,1,0.8182,Low closing stock,False,False,Previous-day preparation,False,None,None,None,inventory
2026-06-22,Shop_B,エクレア,regular,8,6,3,9,8,1,0,0,0,0.8889,Low closing stock,False,False,Previous-day preparation,False,None,None,None,inventory
2026-06-22,Shop_B,シュー,regular,20,1,21,22,19,3,0,1,1,0.8636,Low closing stock,False,False,Previous-day preparation,False,None,None,None,inventory
2026-06-22,Shop_B,パール,regular,6,0,7,7,7,0,0,-1,1,1.0,Sold out,True,False,Previous-day preparation,False,None,None,None,inventory
2026-06-22,Shop_B,プリン,regular,7,0,8,8,7,1,0,0,0,0.875,Low closing stock,False,False,Previous-day preparation,False,None,None,None,inventory
2026-06-22,Shop_B,リッチエクレア,regular,4,2,3,5,5,0,0,-1,1,1.0,Sold out,True,False,Previous-day preparation,False,None,None,None,inventory
2026-06-22,Shop_B,リッチシュー,regular,8,0,9,9,9,0,0,-1,1,1.0,Sold out,True,False,Previous-day preparation,False,None,None,None,inventory
2026-06-22,Shop_B,季節シュー,seasonal,7,5,3,8,8,0,0,-1,1,1.0,Sold out,True,False,Previous-day preparation,False,None,None,None,inventory
2026-06-22,Shop_C,エクレア,regular,14,2,14,16,11,5,0,3,3,0.6875,Low closing stock,False,False,Previous-day preparation,False,None,None,None,inventory
2026-06-22,Shop_C,シュー,regular,30,4,30,34,28,6,0,2,2,0.8235,Stock remaining,False,False,Previous-day preparation,False,None,None,None,inventory
2026-06-22,Shop_C,パール,regular,9,3,7,10,9,1,0,0,0,0.9,Low closing stock,False,False,Previous-day preparation,False,None,None,None,inventory
2026-06-22,Shop_C,プリン,regular,9,0,10,10,6,4,0,3,3,0.6,Low closing stock,False,False,Previous-day preparation,False,None,None,None,inventory
2026-06-22,Shop_C,リッチエクレア,regular,7,0,8,8,5,3,0,2,2,0.625,Low closing stock,False,False,Previous-day preparation,False,None,None,None,inventory
2026-06-22,Shop_C,リッチシュー,regular,15,3,14,17,16,1,0,-1,1,0.9412,Low closing stock,False,False,Previous-day preparation,False,None,None,None,inventory
2026-06-22,Shop_C,季節シュー,seasonal,11,3,9,12,12,0,0,-1,1,1.0,Sold out,True,False,Previous-day preparation,False,None,None,None,inventory
2026-06-23,Shop_A,エクレア,regular,11,0,12,12,11,1,0,0,0,0.9167,Low closing stock,False,False,Previous-day preparation,False,None,None,None,inventory
2026-06-23,Shop_A,シュー,regular,25,3,25,28,24,4,0,1,1,0.8571,Low closing stock,False,False,Previous-day preparation,False,None,None,None,inventory
2026-06-23,Shop_A,パール,regular,11,0,12,12,9,3,0,2,2,0.75,Low closing stock,False,False,Previous-day preparation,False,None,None,None,inventory
2026-06-23,Shop_A,プリン,regular,9,0,10,10,10,0,0,-1,1,1.0,Sold out,True,False,Previous-day preparation,False,None,None,None,inventory
2026-06-23,Shop_A,リッチエクレア,regular,6,0,7,7,7,0,0,-1,1,1.0,Sold out,True,False,Previous-day preparation,False,None,None,None,inventory
2026-06-23,Shop_A,リッチシュー,regular,12,0,13,13,12,1,0,0,0,0.9231,Low closing stock,False,False,Previous-day preparation,False,None,None,None,inventory
2026-06-23,Shop_A,季節シュー,seasonal,9,2,8,10,8,2,0,1,1,0.8,Low closing stock,False,False,Previous-day preparation,False,None,None,None,inventory
2026-06-23,Shop_B,エクレア,regular,11,1,11,12,10,2,0,1,1,0.8333,Low closing stock,False,False,Previous-day preparation,False,None,None,None,inventory
2026-06-23,Shop_B,シュー,regular,23,3,23,26,21,5,0,2,2,0.8077,Low closing stock,False,False,Previous-day preparation,False,None,None,None,inventory
2026-06-23,Shop_B,パール,regular,8,0,9,9,5,4,0,3,3,0.5556,Low closing stock,False,False,Previous-day preparation,False,None,None,None,inventory
2026-06-23,Shop_B,プリン,regular,8,1,8,9,6,3,0,2,2,0.6667,Low closing stock,False,False,Previous-day preparation,False,None,None,None,inventory
2026-06-23,Shop_B,リッチエクレア,regular,9,0,10,10,8,2,0,1,1,0.8,Low closing stock,False,False,Previous-day preparation,False,None,None,None,inventory
2026-06-23,Shop_B,リッチシュー,regular,14,0,16,16,12,4,0,2,2,0.75,Low closing stock,False,False,Previous-day preparation,False,None,None,None,inventory
2026-06-23,Shop_B,季節シュー,seasonal,9,0,10,10,10,0,0,-1,1,1.0,Sold out,True,False,Previous-day preparation,False,None,None,None,inventory
2026-06-23,Shop_C,エクレア,regular,15,5,12,17,11,6,0,4,4,0.6471,Stock remaining,False,False,Previous-day preparation,False,None,None,None,inventory
2026-06-23,Shop_C,シュー,regular,29,6,26,32,30,2,0,-1,1,0.9375,Low closing stock,False,False,Previous-day preparation,False,None,None,None,inventory
2026-06-23,Shop_C,パール,regular,11,1,11,12,8,4,0,3,3,0.6667,Low closing stock,False,False,Previous-day preparation,False,None,None,None,inventory
2026-06-23,Shop_C,プリン,regular,9,4,6,10,10,0,0,-1,1,1.0,Sold out,True,False,Previous-day preparation,False,None,None,None,inventory
2026-06-23,Shop_C,リッチエクレア,regular,10,3,8,11,9,2,0,1,1,0.8182,Low closing stock,False,False,Previous-day preparation,False,None,None,None,inventory
2026-06-23,Shop_C,リッチシュー,regular,13,1,14,15,15,0,0,-2,2,1.0,Sold out,True,False,Previous-day preparation,False,None,None,None,inventory
2026-06-23,Shop_C,季節シュー,seasonal,14,0,16,16,14,2,0,0,0,0.875,Low closing stock,False,False,Previous-day preparation,False,None,None,None,inventory
2026-06-24,Shop_A,エクレア,regular,10,1,10,11,11,0,0,-1,1,1.0,Sold out,True,False,Previous-day preparation,False,None,None,None,inventory
2026-06-24,Shop_A,シュー,regular,25,4,24,28,25,3,0,0,0,0.8929,Low closing stock,False,False,Previous-day preparation,False,None,None,None,inventory
2026-06-24,Shop_A,パール,regular,7,3,5,8,8,0,0,-1,1,1.0,Sold out,True,False,Previous-day preparation,False,None,None,None,inventory
2026-06-24,Shop_A,プリン,regular,10,0,11,11,11,0,0,-1,1,1.0,Sold out,True,False,Previous-day preparation,False,None,None,None,inventory
2026-06-24,Shop_A,リッチエクレア,regular,7,0,8,8,8,0,0,-1,1,1.0,Sold out,True,False,Previous-day preparation,False,None,None,None,inventory
2026-06-24,Shop_A,リッチシュー,regular,15,1,16,17,10,7,0,5,5,0.5882,Stock remaining,False,False,Previous-day preparation,False,None,None,None,inventory
2026-06-24,Shop_A,季節シュー,seasonal,8,2,7,9,9,0,0,-1,1,1.0,Sold out,True,False,Previous-day preparation,False,None,None,None,inventory
2026-06-24,Shop_B,エクレア,regular,9,2,8,10,8,2,0,1,1,0.8,Low closing stock,False,False,Previous-day preparation,False,None,None,None,inventory
2026-06-24,Shop_B,シュー,regular,21,5,19,24,20,4,0,1,1,0.8333,Low closing stock,False,False,Previous-day preparation,False,None,None,None,inventory
2026-06-24,Shop_B,パール,regular,5,4,2,6,6,0,0,-1,1,1.0,Sold out,True,False,Previous-day preparation,False,None,None,None,inventory
2026-06-24,Shop_B,プリン,regular,8,3,6,9,5,4,0,3,3,0.5556,Low closing stock,False,False,Previous-day preparation,False,None,None,None,inventory
2026-06-24,Shop_B,リッチエクレア,regular,6,2,5,7,5,2,0,1,1,0.7143,Low closing stock,False,False,Previous-day preparation,False,None,None,None,inventory
2026-06-24,Shop_B,リッチシュー,regular,13,4,11,15,10,5,0,3,3,0.6667,Low closing stock,False,False,Previous-day preparation,False,None,None,None,inventory
2026-06-24,Shop_B,季節シュー,seasonal,7,0,8,8,5,3,0,2,2,0.625,Low closing stock,False,False,Previous-day preparation,False,None,None,None,inventory
2026-06-24,Shop_C,エクレア,regular,12,6,7,13,12,1,0,0,0,0.9231,Low closing stock,False,False,Previous-day preparation,False,None,None,None,inventory
2026-06-24,Shop_C,シュー,regular,29,2,30,32,30,2,0,-1,1,0.9375,Low closing stock,False,False,Previous-day preparation,False,None,None,None,inventory
2026-06-24,Shop_C,パール,regular,13,4,11,15,9,6,0,4,4,0.6,Stock remaining,False,False,Previous-day preparation,False,None,None,None,inventory
2026-06-24,Shop_C,プリン,regular,9,0,10,10,8,2,0,1,1,0.8,Low closing stock,False,False,Previous-day preparation,False,None,None,None,inventory
2026-06-24,Shop_C,リッチエクレア,regular,5,2,4,6,6,0,0,-1,1,1.0,Sold out,True,False,Previous-day preparation,False,None,None,None,inventory
2026-06-24,Shop_C,リッチシュー,regular,17,0,19,19,16,3,0,1,1,0.8421,Low closing stock,False,False,Previous-day preparation,False,None,None,None,inventory
2026-06-24,Shop_C,季節シュー,seasonal,14,2,14,16,12,4,0,2,2,0.75,Low closing stock,False,False,Previous-day preparation,False,None,None,None,inventory
2026-06-25,Shop_A,エクレア,regular,10,0,11,11,11,0,0,-1,1,1.0,Sold out,True,False,Previous-day preparation,False,None,None,None,inventory
2026-06-25,Shop_A,シュー,regular,28,3,28,31,29,2,0,-1,1,0.9355,Low closing stock,False,False,Previous-day preparation,False,None,None,None,inventory
2026-06-25,Shop_A,パール,regular,9,0,10,10,8,2,0,1,1,0.8,Low closing stock,False,False,Previous-day preparation,False,None,None,None,inventory
2026-06-25,Shop_A,プリン,regular,8,0,9,9,8,1,0,0,0,0.8889,Low closing stock,False,False,Previous-day preparation,False,None,None,None,inventory
2026-06-25,Shop_A,リッチエクレア,regular,8,0,9,9,8,1,0,0,0,0.8889,Low closing stock,False,False,Previous-day preparation,False,None,None,None,inventory
2026-06-25,Shop_A,リッチシュー,regular,16,7,11,18,13,5,0,3,3,0.7222,Low closing stock,False,False,Previous-day preparation,False,None,None,None,inventory
2026-06-25,Shop_A,季節シュー,seasonal,13,0,15,15,12,3,0,1,1,0.8,Low closing stock,False,False,Previous-day preparation,False,None,None,None,inventory
2026-06-25,Shop_B,エクレア,regular,11,2,10,12,11,1,0,0,0,0.9167,Low closing stock,False,False,Previous-day preparation,False,None,None,None,inventory
2026-06-25,Shop_B,シュー,regular,21,4,20,24,23,1,0,-2,2,0.9583,Low closing stock,False,False,Previous-day preparation,False,None,None,None,inventory
2026-06-25,Shop_B,パール,regular,9,0,10,10,4,6,0,5,5,0.4,Stock remaining,False,False,Previous-day preparation,False,None,None,None,inventory
2026-06-25,Shop_B,プリン,regular,7,4,4,8,8,0,0,-1,1,1.0,Sold out,True,False,Previous-day preparation,False,None,None,None,inventory
2026-06-25,Shop_B,リッチエクレア,regular,7,2,6,8,5,3,0,2,2,0.625,Low closing stock,False,False,Previous-day preparation,False,None,None,None,inventory
2026-06-25,Shop_B,リッチシュー,regular,12,5,8,13,9,4,0,3,3,0.6923,Low closing stock,False,False,Previous-day preparation,False,None,None,None,inventory
2026-06-25,Shop_B,季節シュー,seasonal,7,3,5,8,8,0,0,-1,1,1.0,Sold out,True,False,Previous-day preparation,False,None,None,None,inventory
2026-06-25,Shop_C,エクレア,regular,11,1,11,12,12,0,0,-1,1,1.0,Sold out,True,False,Previous-day preparation,False,None,None,None,inventory
2026-06-25,Shop_C,シュー,regular,36,2,38,40,30,10,0,6,6,0.75,Stock remaining,False,False,Previous-day preparation,False,None,None,None,inventory
2026-06-25,Shop_C,パール,regular,9,6,4,10,9,1,0,0,0,0.9,Low closing stock,False,False,Previous-day preparation,False,None,None,None,inventory
2026-06-25,Shop_C,プリン,regular,11,2,10,12,12,0,0,-1,1,1.0,Sold out,True,False,Previous-day preparation,False,None,None,None,inventory
2026-06-25,Shop_C,リッチエクレア,regular,8,0,9,9,9,0,0,-1,1,1.0,Sold out,True,False,Previous-day preparation,False,None,None,None,inventory
2026-06-25,Shop_C,リッチシュー,regular,15,3,14,17,17,0,0,-2,2,1.0,Sold out,True,False,Previous-day preparation,False,None,None,None,inventory
2026-06-25,Shop_C,季節シュー,seasonal,14,4,12,16,14,2,0,0,0,0.875,Low closing stock,False,False,Previous-day preparation,False,None,None,None,inventory
2026-06-26,Shop_A,エクレア,regular,12,0,13,13,12,1,0,0,0,0.9231,Low closing stock,False,False,Previous-day preparation,False,None,None,None,inventory
2026-06-26,Shop_A,シュー,regular,29,2,30,32,28,4,0,1,1,0.875,Low closing stock,False,False,Previous-day preparation,False,None,None,None,inventory
2026-06-26,Shop_A,パール,regular,10,2,9,11,11,0,0,-1,1,1.0,Sold out,True,False,Previous-day preparation,False,None,None,None,inventory
2026-06-26,Shop_A,プリン,regular,11,1,11,12,8,4,0,3,3,0.6667,Low closing stock,False,False,Previous-day preparation,False,None,None,None,inventory
2026-06-26,Shop_A,リッチエクレア,regular,9,1,9,10,9,1,0,0,0,0.9,Low closing stock,False,False,Previous-day preparation,False,None,None,None,inventory
2026-06-26,Shop_A,リッチシュー,regular,13,5,10,15,15,0,0,-2,2,1.0,Sold out,True,False,Previous-day preparation,False,None,None,None,inventory
2026-06-26,Shop_A,季節シュー,seasonal,13,3,12,15,11,4,0,2,2,0.7333,Low closing stock,False,False,Previous-day preparation,False,None,None,None,inventory
2026-06-26,Shop_B,エクレア,regular,12,1,12,13,9,4,0,3,3,0.6923,Low closing stock,False,False,Previous-day preparation,False,None,None,None,inventory
2026-06-26,Shop_B,シュー,regular,23,1,25,26,24,2,0,-1,1,0.9231,Low closing stock,False,False,Previous-day preparation,False,None,None,None,inventory
2026-06-26,Shop_B,パール,regular,9,6,4,10,8,2,0,1,1,0.8,Low closing stock,False,False,Previous-day preparation,False,None,None,None,inventory
2026-06-26,Shop_B,プリン,regular,6,0,7,7,7,0,0,-1,1,1.0,Sold out,True,False,Previous-day preparation,False,None,None,None,inventory
2026-06-26,Shop_B,リッチエクレア,regular,6,3,4,7,7,0,0,-1,1,1.0,Sold out,True,False,Previous-day preparation,False,None,None,None,inventory
2026-06-26,Shop_B,リッチシュー,regular,14,4,12,16,13,3,0,1,1,0.8125,Low closing stock,False,False,Previous-day preparation,False,None,None,None,inventory
2026-06-26,Shop_B,季節シュー,seasonal,9,0,10,10,9,1,0,0,0,0.9,Low closing stock,False,False,Previous-day preparation,False,None,None,None,inventory
2026-06-26,Shop_C,エクレア,regular,13,0,15,15,14,1,0,-1,1,0.9333,Low closing stock,False,False,Previous-day preparation,False,None,None,None,inventory
2026-06-26,Shop_C,シュー,regular,34,10,28,38,32,6,0,2,2,0.8421,Stock remaining,False,False,Previous-day preparation,False,None,None,None,inventory
2026-06-26,Shop_C,パール,regular,10,1,10,11,9,2,0,1,1,0.8182,Low closing stock,False,False,Previous-day preparation,False,None,None,None,inventory
2026-06-26,Shop_C,プリン,regular,12,0,13,13,13,0,0,-1,1,1.0,Sold out,True,False,Previous-day preparation,False,None,None,None,inventory
2026-06-26,Shop_C,リッチエクレア,regular,8,0,9,9,9,0,0,-1,1,1.0,Sold out,True,False,Previous-day preparation,False,None,None,None,inventory
2026-06-26,Shop_C,リッチシュー,regular,18,0,20,20,20,0,0,-2,2,1.0,Sold out,True,False,Previous-day preparation,False,None,None,None,inventory
2026-06-26,Shop_C,季節シュー,seasonal,10,2,9,11,11,0,0,-1,1,1.0,Sold out,True,False,Previous-day preparation,False,None,None,None,inventory
2026-06-27,Shop_A,エクレア,regular,16,1,17,18,15,3,0,1,1,0.8333,Low closing stock,False,False,Same-morning preparation,False,None,None,None,inventory
2026-06-27,Shop_A,シュー,regular,34,4,34,38,34,4,0,0,0,0.8947,Low closing stock,False,False,Same-morning preparation,False,None,None,None,inventory
2026-06-27,Shop_A,パール,regular,11,0,12,12,11,1,0,0,0,0.9167,Low closing stock,False,False,Same-morning preparation,False,None,None,None,inventory
2026-06-27,Shop_A,プリン,regular,15,4,13,17,14,3,0,1,1,0.8235,Low closing stock,False,False,Same-morning preparation,False,None,None,None,inventory
2026-06-27,Shop_A,リッチエクレア,regular,8,1,8,9,9,0,0,-1,1,1.0,Sold out,True,False,Same-morning preparation,False,None,None,None,inventory
2026-06-27,Shop_A,リッチシュー,regular,18,0,20,20,19,1,0,-1,1,0.95,Low closing stock,False,False,Same-morning preparation,False,None,None,None,inventory
2026-06-27,Shop_A,季節シュー,seasonal,11,4,8,12,12,0,0,-1,1,1.0,Sold out,True,False,Same-morning preparation,False,None,None,None,inventory
2026-06-27,Shop_B,エクレア,regular,13,4,11,15,13,2,0,0,0,0.8667,Low closing stock,False,False,Same-morning preparation,False,None,None,None,inventory
2026-06-27,Shop_B,シュー,regular,27,2,28,30,27,3,0,0,0,0.9,Low closing stock,False,False,Same-morning preparation,False,None,None,None,inventory
2026-06-27,Shop_B,パール,regular,8,2,7,9,7,2,0,1,1,0.7778,Low closing stock,False,False,Same-morning preparation,False,None,None,None,inventory
2026-06-27,Shop_B,プリン,regular,13,0,15,15,13,2,0,0,0,0.8667,Low closing stock,False,False,Same-morning preparation,False,None,None,None,inventory
2026-06-27,Shop_B,リッチエクレア,regular,8,0,9,9,8,1,0,0,0,0.8889,Low closing stock,False,False,Same-morning preparation,False,None,None,None,inventory
2026-06-27,Shop_B,リッチシュー,regular,15,3,14,17,13,4,0,2,2,0.7647,Low closing stock,False,False,Same-morning preparation,False,None,None,None,inventory
2026-06-27,Shop_B,季節シュー,seasonal,10,1,10,11,9,2,0,1,1,0.8182,Low closing stock,False,False,Same-morning preparation,False,None,None,None,inventory
2026-06-27,Shop_C,エクレア,regular,18,1,19,20,17,3,0,1,1,0.85,Low closing stock,False,False,Same-morning preparation,False,None,None,None,inventory
2026-06-27,Shop_C,シュー,regular,43,6,42,48,37,11,0,6,6,0.7708,Stock remaining,False,False,Same-morning preparation,False,None,None,None,inventory
2026-06-27,Shop_C,パール,regular,14,2,14,16,15,1,0,-1,1,0.9375,Low closing stock,False,False,Same-morning preparation,False,None,None,None,inventory
2026-06-27,Shop_C,プリン,regular,12,0,13,13,13,0,0,-1,1,1.0,Sold out,True,False,Same-morning preparation,False,None,None,None,inventory
2026-06-27,Shop_C,リッチエクレア,regular,11,0,12,12,11,1,0,0,0,0.9167,Low closing stock,False,False,Same-morning preparation,False,None,None,None,inventory
2026-06-27,Shop_C,リッチシュー,regular,23,0,26,26,20,6,0,3,3,0.7692,Stock remaining,False,False,Same-morning preparation,False,None,None,None,inventory
2026-06-27,Shop_C,季節シュー,seasonal,17,0,19,19,18,1,0,-1,1,0.9474,Low closing stock,False,False,Same-morning preparation,False,None,None,None,inventory
2026-06-28,Shop_A,エクレア,regular,15,3,14,17,12,5,0,3,3,0.7059,Low closing stock,False,False,Same-morning preparation,False,None,None,None,inventory
2026-06-28,Shop_A,シュー,regular,34,4,34,38,36,2,0,-2,2,0.9474,Low closing stock,False,False,Same-morning preparation,False,None,None,None,inventory
2026-06-28,Shop_A,パール,regular,10,1,10,11,11,0,0,-1,1,1.0,Sold out,True,False,Same-morning preparation,False,None,None,None,inventory
2026-06-28,Shop_A,プリン,regular,13,3,12,15,15,0,0,-2,2,1.0,Sold out,True,False,Same-morning preparation,False,None,None,None,inventory
2026-06-28,Shop_A,リッチエクレア,regular,9,0,10,10,10,0,0,-1,1,1.0,Sold out,True,False,Same-morning preparation,False,None,None,None,inventory
2026-06-28,Shop_A,リッチシュー,regular,21,1,23,24,16,8,0,5,5,0.6667,Stock remaining,False,False,Same-morning preparation,False,None,None,None,inventory
2026-06-28,Shop_A,季節シュー,seasonal,14,0,16,16,15,1,0,-1,1,0.9375,Low closing stock,False,False,Same-morning preparation,False,None,None,None,inventory
2026-06-28,Shop_B,エクレア,regular,12,2,11,13,13,0,0,-1,1,1.0,Sold out,True,False,Same-morning preparation,False,None,None,None,inventory
2026-06-28,Shop_B,シュー,regular,31,3,32,35,30,5,0,1,1,0.8571,Low closing stock,False,False,Same-morning preparation,False,None,None,None,inventory
2026-06-28,Shop_B,パール,regular,9,2,8,10,7,3,0,2,2,0.7,Low closing stock,False,False,Same-morning preparation,False,None,None,None,inventory
2026-06-28,Shop_B,プリン,regular,11,2,10,12,8,4,0,3,3,0.6667,Low closing stock,False,False,Same-morning preparation,False,None,None,None,inventory
2026-06-28,Shop_B,リッチエクレア,regular,9,1,9,10,7,3,0,2,2,0.7,Low closing stock,False,False,Same-morning preparation,False,None,None,None,inventory
2026-06-28,Shop_B,リッチシュー,regular,16,4,14,18,15,3,0,1,1,0.8333,Low closing stock,False,False,Same-morning preparation,False,None,None,None,inventory
2026-06-28,Shop_B,季節シュー,seasonal,10,2,9,11,11,0,0,-1,1,1.0,Sold out,True,False,Same-morning preparation,False,None,None,None,inventory
2026-06-28,Shop_C,エクレア,regular,18,3,17,20,17,3,0,1,1,0.85,Low closing stock,False,False,Same-morning preparation,False,None,None,None,inventory
2026-06-28,Shop_C,シュー,regular,40,11,34,45,42,3,0,-2,2,0.9333,Low closing stock,False,False,Same-morning preparation,False,None,None,None,inventory
2026-06-28,Shop_C,パール,regular,13,1,14,15,13,2,0,0,0,0.8667,Low closing stock,False,False,Same-morning preparation,False,None,None,None,inventory
2026-06-28,Shop_C,プリン,regular,14,0,16,16,16,0,0,-2,2,1.0,Sold out,True,False,Same-morning preparation,False,None,None,None,inventory
2026-06-28,Shop_C,リッチエクレア,regular,12,1,12,13,9,4,0,3,3,0.6923,Low closing stock,False,False,Same-morning preparation,False,None,None,None,inventory
2026-06-28,Shop_C,リッチシュー,regular,20,6,16,22,22,0,0,-2,2,1.0,Sold out,True,False,Same-morning preparation,False,None,None,None,inventory
2026-06-28,Shop_C,季節シュー,seasonal,18,1,19,20,19,1,0,-1,1,0.95,Low closing stock,False,False,Same-morning preparation,False,None,None,None,inventory
2026-06-29,Shop_A,エクレア,regular,14,5,11,16,11,5,0,3,3,0.6875,Low closing stock,False,False,Same-morning preparation,False,None,None,None,inventory
2026-06-29,Shop_A,シュー,regular,33,2,35,37,30,7,0,3,3,0.8108,Stock remaining,False,False,Same-morning preparation,False,None,None,None,inventory
2026-06-29,Shop_A,パール,regular,11,0,12,12,12,0,0,-1,1,1.0,Sold out,True,False,Same-morning preparation,False,None,None,None,inventory
2026-06-29,Shop_A,プリン,regular,10,0,11,11,9,2,0,1,1,0.8182,Low closing stock,False,False,Same-morning preparation,False,None,None,None,inventory
2026-06-29,Shop_A,リッチエクレア,regular,11,0,12,12,8,4,0,3,3,0.6667,Low closing stock,False,False,Same-morning preparation,False,None,None,None,inventory
2026-06-29,Shop_A,リッチシュー,regular,18,8,12,20,18,2,0,0,0,0.9,Low closing stock,False,False,Same-morning preparation,False,None,None,None,inventory
2026-06-29,Shop_A,季節シュー,seasonal,13,1,14,15,10,5,0,3,3,0.6667,Low closing stock,False,False,Same-morning preparation,False,None,None,None,inventory
2026-06-29,Shop_B,エクレア,regular,10,0,11,11,10,1,0,0,0,0.9091,Low closing stock,False,False,Same-morning preparation,False,None,None,None,inventory
2026-06-29,Shop_B,シュー,regular,27,5,25,30,21,9,0,6,6,0.7,Stock remaining,False,False,Same-morning preparation,False,None,None,None,inventory
2026-06-29,Shop_B,パール,regular,8,3,6,9,7,2,0,1,1,0.7778,Low closing stock,False,False,Same-morning preparation,False,None,None,None,inventory
2026-06-29,Shop_B,プリン,regular,10,4,7,11,11,0,0,-1,1,1.0,Sold out,True,False,Same-morning preparation,False,None,None,None,inventory
2026-06-29,Shop_B,リッチエクレア,regular,7,3,5,8,8,0,0,-1,1,1.0,Sold out,True,False,Same-morning preparation,False,None,None,None,inventory
2026-06-29,Shop_B,リッチシュー,regular,13,3,12,15,11,4,0,2,2,0.7333,Low closing stock,False,False,Same-morning preparation,False,None,None,None,inventory
2026-06-29,Shop_B,季節シュー,seasonal,8,0,9,9,7,2,0,1,1,0.7778,Low closing stock,False,False,Same-morning preparation,False,None,None,None,inventory
2026-06-29,Shop_C,エクレア,regular,16,3,15,18,16,2,0,0,0,0.8889,Low closing stock,False,False,Same-morning preparation,False,None,None,None,inventory
2026-06-29,Shop_C,シュー,regular,33,3,34,37,34,3,0,-1,1,0.9189,Low closing stock,False,False,Same-morning preparation,False,None,None,None,inventory
2026-06-29,Shop_C,パール,regular,13,2,13,15,9,6,0,4,4,0.6,Stock remaining,False,False,Same-morning preparation,False,None,None,None,inventory
2026-06-29,Shop_C,プリン,regular,14,0,16,16,14,2,0,0,0,0.875,Low closing stock,False,False,Same-morning preparation,False,None,None,None,inventory
2026-06-29,Shop_C,リッチエクレア,regular,11,4,8,12,9,3,0,2,2,0.75,Low closing stock,False,False,Same-morning preparation,False,None,None,None,inventory
2026-06-29,Shop_C,リッチシュー,regular,17,0,19,19,16,3,0,1,1,0.8421,Low closing stock,False,False,Same-morning preparation,False,None,None,None,inventory
2026-06-29,Shop_C,季節シュー,seasonal,12,1,12,13,13,0,0,-1,1,1.0,Sold out,True,False,Same-morning preparation,False,None,None,None,inventory
2026-06-30,Shop_A,エクレア,regular,13,5,10,15,8,7,0,5,5,0.5333,Stock remaining,False,False,Same-morning preparation,False,None,None,None,inventory
2026-06-30,Shop_A,シュー,regular,31,7,28,35,31,4,0,0,0,0.8857,Low closing stock,False,False,Same-morning preparation,False,None,None,None,inventory
2026-06-30,Shop_A,パール,regular,9,0,10,10,8,2,0,1,1,0.8,Low closing stock,False,False,Same-morning preparation,False,None,None,None,inventory
2026-06-30,Shop_A,プリン,regular,12,2,11,13,8,5,0,4,4,0.6154,Low closing stock,False,False,Same-morning preparation,False,None,None,None,inventory
2026-06-30,Shop_A,リッチエクレア,regular,9,4,6,10,9,1,0,0,0,0.9,Low closing stock,False,False,Same-morning preparation,False,None,None,None,inventory
2026-06-30,Shop_A,リッチシュー,regular,17,2,17,19,17,2,0,0,0,0.8947,Low closing stock,False,False,Same-morning preparation,False,None,None,None,inventory
2026-06-30,Shop_A,季節シュー,seasonal,9,5,5,10,10,0,0,-1,1,1.0,Sold out,True,False,Same-morning preparation,False,None,None,None,inventory
2026-06-30,Shop_B,エクレア,regular,11,1,11,12,11,1,0,0,0,0.9167,Low closing stock,False,False,Same-morning preparation,False,None,None,None,inventory
2026-06-30,Shop_B,シュー,regular,24,9,18,27,23,4,0,1,1,0.8519,Low closing stock,False,False,Same-morning preparation,False,None,None,None,inventory
2026-06-30,Shop_B,パール,regular,9,2,8,10,8,2,0,1,1,0.8,Low closing stock,False,False,Same-morning preparation,False,None,None,None,inventory
2026-06-30,Shop_B,プリン,regular,8,0,9,9,9,0,0,-1,1,1.0,Sold out,True,False,Same-morning preparation,False,None,None,None,inventory
2026-06-30,Shop_B,リッチエクレア,regular,9,0,10,10,10,0,0,-1,1,1.0,Sold out,True,False,Same-morning preparation,False,None,None,None,inventory
2026-06-30,Shop_B,リッチシュー,regular,14,4,12,16,16,0,0,-2,2,1.0,Sold out,True,False,Same-morning preparation,False,None,None,None,inventory
2026-06-30,Shop_B,季節シュー,seasonal,10,2,9,11,11,0,0,-1,1,1.0,Sold out,True,False,Same-morning preparation,False,None,None,None,inventory
2026-06-30,Shop_C,エクレア,regular,14,2,14,16,15,1,0,-1,1,0.9375,Low closing stock,False,False,Same-morning preparation,False,None,None,None,inventory
2026-06-30,Shop_C,シュー,regular,35,3,36,39,37,2,0,-2,2,0.9487,Low closing stock,False,False,Same-morning preparation,False,None,None,None,inventory
2026-06-30,Shop_C,パール,regular,11,6,6,12,12,0,0,-1,1,1.0,Sold out,True,False,Same-morning preparation,False,None,None,None,inventory
2026-06-30,Shop_C,プリン,regular,13,2,13,15,14,1,0,-1,1,0.9333,Low closing stock,False,False,Same-morning preparation,False,None,None,None,inventory
2026-06-30,Shop_C,リッチエクレア,regular,9,3,7,10,10,0,0,-1,1,1.0,Sold out,True,False,Same-morning preparation,False,None,None,None,inventory
2026-06-30,Shop_C,リッチシュー,regular,19,3,18,21,20,1,0,-1,1,0.9524,Low closing stock,False,False,Same-morning preparation,False,None,None,None,inventory
2026-06-30,Shop_C,季節シュー,seasonal,14,0,16,16,10,6,0,4,4,0.625,Stock remaining,False,False,Same-morning preparation,False,None,None,None,inventory
2026-07-01,Shop_A,エクレア,regular,11,7,5,12,12,0,0,-1,1,1.0,Sold out,True,False,Same-morning preparation,False,None,None,None,inventory
2026-07-01,Shop_A,シュー,regular,29,4,28,32,31,1,0,-2,2,0.9688,Low closing stock,False,False,Same-morning preparation,False,None,None,None,inventory
2026-07-01,Shop_A,パール,regular,10,2,9,10,10,0,1,0,0,1.0,Sold out,True,True,Same-morning preparation,False,None,None,None,inventory
2026-07-01,Shop_A,プリン,regular,10,5,6,11,10,1,0,0,0,0.9091,Low closing stock,False,False,Same-morning preparation,False,None,None,None,inventory
2026-07-01,Shop_A,リッチエクレア,regular,9,1,9,10,8,2,0,1,1,0.8,Low closing stock,False,False,Same-morning preparation,False,None,None,None,inventory
2026-07-01,Shop_A,リッチシュー,regular,19,2,19,21,16,5,0,3,3,0.7619,Low closing stock,False,False,Same-morning preparation,False,None,None,None,inventory
2026-07-01,Shop_A,季節シュー,seasonal,9,0,10,10,10,0,0,-1,1,1.0,Sold out,True,False,Same-morning preparation,False,None,None,None,inventory
2026-07-01,Shop_B,エクレア,regular,12,1,12,13,11,2,0,1,1,0.8462,Low closing stock,False,False,Same-morning preparation,False,None,None,None,inventory
2026-07-01,Shop_B,シュー,regular,23,4,22,26,22,4,0,1,1,0.8462,Low closing stock,False,False,Same-morning preparation,False,None,None,None,inventory
2026-07-01,Shop_B,パール,regular,7,2,6,8,8,0,0,-1,1,1.0,Sold out,True,False,Same-morning preparation,False,None,None,None,inventory
2026-07-01,Shop_B,プリン,regular,8,0,9,9,8,1,0,0,0,0.8889,Low closing stock,False,False,Same-morning preparation,False,None,None,None,inventory
2026-07-01,Shop_B,リッチエクレア,regular,7,0,8,8,6,2,0,1,1,0.75,Low closing stock,False,False,Same-morning preparation,False,None,None,None,inventory
2026-07-01,Shop_B,リッチシュー,regular,13,0,15,15,15,0,0,-2,2,1.0,Sold out,True,False,Same-morning preparation,False,None,None,None,inventory
2026-07-01,Shop_B,季節シュー,seasonal,10,0,11,11,8,3,0,2,2,0.7273,Low closing stock,False,False,Same-morning preparation,False,None,None,None,inventory
2026-07-01,Shop_C,エクレア,regular,16,1,17,18,16,2,0,0,0,0.8889,Low closing stock,False,False,Same-morning preparation,False,None,None,None,inventory
2026-07-01,Shop_C,シュー,regular,35,2,37,39,32,7,0,3,3,0.8205,Stock remaining,False,False,Same-morning preparation,False,None,None,None,inventory
2026-07-01,Shop_C,パール,regular,13,0,15,15,8,7,0,5,5,0.5333,Stock remaining,False,False,Same-morning preparation,False,None,None,None,inventory
2026-07-01,Shop_C,プリン,regular,12,1,12,13,13,0,0,-1,1,1.0,Sold out,True,False,Same-morning preparation,False,None,None,None,inventory
2026-07-01,Shop_C,リッチエクレア,regular,11,0,12,12,11,1,0,0,0,0.9167,Low closing stock,False,False,Same-morning preparation,False,None,None,None,inventory
2026-07-01,Shop_C,リッチシュー,regular,19,1,20,21,20,1,0,-1,1,0.9524,Low closing stock,False,False,Same-morning preparation,False,None,None,None,inventory
2026-07-01,Shop_C,季節シュー,seasonal,13,6,9,15,14,1,0,-1,1,0.9333,Low closing stock,False,False,Same-morning preparation,False,None,None,None,inventory
2026-07-02,Shop_A,エクレア,regular,13,0,15,15,10,5,0,3,3,0.6667,Low closing stock,False,False,Same-morning preparation,False,None,None,None,inventory
2026-07-02,Shop_A,シュー,regular,31,1,34,35,27,8,0,4,4,0.7714,Stock remaining,False,False,Same-morning preparation,False,None,None,None,inventory
2026-07-02,Shop_A,パール,regular,10,0,11,11,11,0,0,-1,1,1.0,Sold out,True,False,Same-morning preparation,False,None,None,None,inventory
2026-07-02,Shop_A,プリン,regular,8,1,8,9,9,0,0,-1,1,1.0,Sold out,True,False,Same-morning preparation,False,None,None,None,inventory
2026-07-02,Shop_A,リッチエクレア,regular,7,2,6,8,8,0,0,-1,1,1.0,Sold out,True,False,Same-morning preparation,False,None,None,None,inventory
2026-07-02,Shop_A,リッチシュー,regular,16,5,13,18,14,4,0,2,2,0.7778,Low closing stock,False,False,Same-morning preparation,False,None,None,None,inventory
2026-07-02,Shop_A,季節シュー,seasonal,10,0,11,11,11,0,0,-1,1,1.0,Sold out,True,False,Same-morning preparation,False,None,None,None,inventory
2026-07-02,Shop_B,エクレア,regular,12,2,11,13,11,2,0,1,1,0.8462,Low closing stock,False,False,Same-morning preparation,False,None,None,None,inventory
2026-07-02,Shop_B,シュー,regular,24,4,23,27,25,2,0,-1,1,0.9259,Low closing stock,False,False,Same-morning preparation,False,None,None,None,inventory
2026-07-02,Shop_B,パール,regular,7,0,8,8,7,1,0,0,0,0.875,Low closing stock,False,False,Same-morning preparation,False,None,None,None,inventory
2026-07-02,Shop_B,プリン,regular,8,1,8,9,9,0,0,-1,1,1.0,Sold out,True,False,Same-morning preparation,False,None,None,None,inventory
2026-07-02,Shop_B,リッチエクレア,regular,6,2,5,7,7,0,0,-1,1,1.0,Sold out,True,False,Same-morning preparation,False,None,None,None,inventory
2026-07-02,Shop_B,リッチシュー,regular,14,0,16,16,12,4,0,2,2,0.75,Low closing stock,False,False,Same-morning preparation,False,None,None,None,inventory
2026-07-02,Shop_B,季節シュー,seasonal,9,3,7,10,9,1,0,0,0,0.9,Low closing stock,False,False,Same-morning preparation,False,None,None,None,inventory
2026-07-02,Shop_C,エクレア,regular,14,2,14,16,15,1,0,-1,1,0.9375,Low closing stock,False,False,Same-morning preparation,False,None,None,None,inventory
2026-07-02,Shop_C,シュー,regular,34,7,31,38,33,5,0,1,1,0.8684,Low closing stock,False,False,Same-morning preparation,False,None,None,None,inventory
2026-07-02,Shop_C,パール,regular,11,7,5,12,8,4,0,3,3,0.6667,Low closing stock,False,False,Same-morning preparation,False,None,None,None,inventory
2026-07-02,Shop_C,プリン,regular,12,0,13,13,12,1,0,0,0,0.9231,Low closing stock,False,False,Same-morning preparation,False,None,None,None,inventory
2026-07-02,Shop_C,リッチエクレア,regular,10,1,10,11,11,0,0,-1,1,1.0,Sold out,True,False,Same-morning preparation,False,None,None,None,inventory
2026-07-02,Shop_C,リッチシュー,regular,17,1,18,19,15,4,0,2,2,0.7895,Low closing stock,False,False,Same-morning preparation,False,None,None,None,inventory
2026-07-02,Shop_C,季節シュー,seasonal,16,1,17,18,18,0,0,-2,2,1.0,Sold out,True,False,Same-morning preparation,False,None,None,None,inventory
2026-07-03,Shop_A,エクレア,regular,10,5,6,11,11,0,0,-1,1,1.0,Sold out,True,False,Same-morning preparation,False,None,None,None,inventory
2026-07-03,Shop_A,シュー,regular,26,8,21,29,29,0,0,-3,3,1.0,Sold out,True,False,Same-morning preparation,False,None,None,None,inventory
2026-07-03,Shop_A,パール,regular,6,0,7,7,7,0,0,-1,1,1.0,Sold out,True,False,Same-morning preparation,False,None,None,None,inventory
2026-07-03,Shop_A,プリン,regular,11,0,12,12,10,2,0,1,1,0.8333,Low closing stock,False,False,Same-morning preparation,False,None,None,None,inventory
2026-07-03,Shop_A,リッチエクレア,regular,8,0,9,9,9,0,0,-1,1,1.0,Sold out,True,False,Same-morning preparation,False,None,None,None,inventory
2026-07-03,Shop_A,リッチシュー,regular,15,4,13,17,16,1,0,-1,1,0.9412,Low closing stock,False,False,Same-morning preparation,False,None,None,None,inventory
2026-07-03,Shop_A,季節シュー,seasonal,12,0,13,13,12,1,0,0,0,0.9231,Low closing stock,False,False,Same-morning preparation,False,None,None,None,inventory
2026-07-03,Shop_B,エクレア,regular,9,2,8,10,8,2,0,1,1,0.8,Low closing stock,False,False,Same-morning preparation,False,None,None,None,inventory
2026-07-03,Shop_B,シュー,regular,24,2,25,26,22,4,1,2,2,0.8462,Low closing stock,False,True,Same-morning preparation,False,None,None,None,inventory
2026-07-03,Shop_B,パール,regular,5,1,5,5,5,0,1,0,0,1.0,Sold out,True,True,Same-morning preparation,False,None,None,None,inventory
2026-07-03,Shop_B,プリン,regular,7,0,8,8,7,1,0,0,0,0.875,Low closing stock,False,False,Same-morning preparation,False,None,None,None,inventory
2026-07-03,Shop_B,リッチエクレア,regular,8,0,9,9,9,0,0,-1,1,1.0,Sold out,True,False,Same-morning preparation,False,None,None,None,inventory
2026-07-03,Shop_B,リッチシュー,regular,13,4,11,15,11,4,0,2,2,0.7333,Low closing stock,False,False,Same-morning preparation,False,None,None,None,inventory
2026-07-03,Shop_B,季節シュー,seasonal,9,1,9,10,7,3,0,2,2,0.7,Low closing stock,False,False,Same-morning preparation,False,None,None,None,inventory
2026-07-03,Shop_C,エクレア,regular,14,1,15,16,16,0,0,-2,2,1.0,Sold out,True,False,Same-morning preparation,False,None,None,None,inventory
2026-07-03,Shop_C,シュー,regular,33,5,32,37,30,7,0,3,3,0.8108,Stock remaining,False,False,Same-morning preparation,False,None,None,None,inventory
2026-07-03,Shop_C,パール,regular,11,4,8,12,12,0,0,-1,1,1.0,Sold out,True,False,Same-morning preparation,False,None,None,None,inventory
2026-07-03,Shop_C,プリン,regular,10,1,10,11,11,0,0,-1,1,1.0,Sold out,True,False,Same-morning preparation,False,None,None,None,inventory
2026-07-03,Shop_C,リッチエクレア,regular,7,0,8,8,8,0,0,-1,1,1.0,Sold out,True,False,Same-morning preparation,False,None,None,None,inventory
2026-07-03,Shop_C,リッチシュー,regular,16,4,14,18,13,5,0,3,3,0.7222,Low closing stock,False,False,Same-morning preparation,False,None,None,None,inventory
2026-07-03,Shop_C,季節シュー,seasonal,13,0,15,15,10,5,0,3,3,0.6667,Low closing stock,False,False,Same-morning preparation,False,None,None,None,inventory
2026-07-04,Shop_A,エクレア,regular,15,0,17,17,14,3,0,1,1,0.8235,Low closing stock,False,False,Same-morning preparation,False,None,None,None,inventory
2026-07-04,Shop_A,シュー,regular,32,0,36,36,35,1,0,-3,3,0.9722,Low closing stock,False,False,Same-morning preparation,False,None,None,None,inventory
2026-07-04,Shop_A,パール,regular,11,0,12,12,8,4,0,3,3,0.6667,Low closing stock,False,False,Same-morning preparation,False,None,None,None,inventory
2026-07-04,Shop_A,プリン,regular,11,2,10,12,10,2,0,1,1,0.8333,Low closing stock,False,False,Same-morning preparation,False,None,None,None,inventory
2026-07-04,Shop_A,リッチエクレア,regular,9,0,10,10,10,0,0,-1,1,1.0,Sold out,True,False,Same-morning preparation,False,None,None,None,inventory
2026-07-04,Shop_A,リッチシュー,regular,16,1,17,18,13,5,0,3,3,0.7222,Low closing stock,False,False,Same-morning preparation,False,None,None,None,inventory
2026-07-04,Shop_A,季節シュー,seasonal,11,1,11,11,11,0,1,0,0,1.0,Sold out,True,True,Same-morning preparation,False,None,None,None,inventory
2026-07-04,Shop_B,エクレア,regular,11,2,10,12,9,3,0,2,2,0.75,Low closing stock,False,False,Same-morning preparation,False,None,None,None,inventory
2026-07-04,Shop_B,シュー,regular,30,4,30,34,23,11,0,7,7,0.6765,Stock remaining,False,False,Same-morning preparation,False,None,None,None,inventory
2026-07-04,Shop_B,パール,regular,5,0,6,6,6,0,0,-1,1,1.0,Sold out,True,False,Same-morning preparation,False,None,None,None,inventory
2026-07-04,Shop_B,プリン,regular,8,1,8,9,6,3,0,2,2,0.6667,Low closing stock,False,False,Same-morning preparation,False,None,None,None,inventory
2026-07-04,Shop_B,リッチエクレア,regular,9,0,10,10,5,5,0,4,4,0.5,Low closing stock,False,False,Same-morning preparation,False,None,None,None,inventory
2026-07-04,Shop_B,リッチシュー,regular,14,4,12,16,13,3,0,1,1,0.8125,Low closing stock,False,False,Same-morning preparation,False,None,None,None,inventory
2026-07-04,Shop_B,季節シュー,seasonal,8,3,6,9,8,1,0,0,0,0.8889,Low closing stock,False,False,Same-morning preparation,False,None,None,None,inventory
2026-07-04,Shop_C,エクレア,regular,15,0,17,17,17,0,0,-2,2,1.0,Sold out,True,False,Same-morning preparation,False,None,None,None,inventory
2026-07-04,Shop_C,シュー,regular,37,7,34,41,39,2,0,-2,2,0.9512,Low closing stock,False,False,Same-morning preparation,False,None,None,None,inventory
2026-07-04,Shop_C,パール,regular,13,0,15,15,10,5,0,3,3,0.6667,Low closing stock,False,False,Same-morning preparation,False,None,None,None,inventory
2026-07-04,Shop_C,プリン,regular,14,0,16,16,11,5,0,3,3,0.6875,Low closing stock,False,False,Same-morning preparation,False,None,None,None,inventory
2026-07-04,Shop_C,リッチエクレア,regular,11,0,12,12,12,0,0,-1,1,1.0,Sold out,True,False,Same-morning preparation,False,None,None,None,inventory
2026-07-04,Shop_C,リッチシュー,regular,20,5,17,22,20,2,0,0,0,0.9091,Low closing stock,False,False,Same-morning preparation,False,None,None,None,inventory
2026-07-04,Shop_C,季節シュー,seasonal,16,5,13,18,13,5,0,3,3,0.7222,Low closing stock,False,False,Same-morning preparation,False,None,None,None,inventory
2026-07-05,Shop_A,エクレア,regular,14,3,13,16,15,1,0,-1,1,0.9375,Low closing stock,False,False,Same-morning preparation,False,None,None,None,inventory
2026-07-05,Shop_A,シュー,regular,30,1,33,34,33,1,0,-3,3,0.9706,Low closing stock,False,False,Same-morning preparation,False,None,None,None,inventory
2026-07-05,Shop_A,パール,regular,10,4,7,11,11,0,0,-1,1,1.0,Sold out,True,False,Same-morning preparation,False,None,None,None,inventory
2026-07-05,Shop_A,プリン,regular,10,2,9,11,10,1,0,0,0,0.9091,Low closing stock,False,False,Same-morning preparation,False,None,None,None,inventory
2026-07-05,Shop_A,リッチエクレア,regular,7,0,8,8,8,0,0,-1,1,1.0,Sold out,True,False,Same-morning preparation,False,None,None,None,inventory
2026-07-05,Shop_A,リッチシュー,regular,15,5,12,16,16,0,1,-1,1,1.0,Sold out,True,True,Same-morning preparation,False,None,None,None,inventory
2026-07-05,Shop_A,季節シュー,seasonal,12,0,13,13,11,2,0,1,1,0.8462,Low closing stock,False,False,Same-morning preparation,False,None,None,None,inventory
2026-07-05,Shop_B,エクレア,regular,9,3,7,10,10,0,0,-1,1,1.0,Sold out,True,False,Same-morning preparation,False,None,None,None,inventory
2026-07-05,Shop_B,シュー,regular,24,11,16,27,26,1,0,-2,2,0.963,Low closing stock,False,False,Same-morning preparation,False,None,None,None,inventory
2026-07-05,Shop_B,パール,regular,11,0,12,12,7,5,0,4,4,0.5833,Low closing stock,False,False,Same-morning preparation,False,None,None,None,inventory
2026-07-05,Shop_B,プリン,regular,11,3,9,12,9,3,0,2,2,0.75,Low closing stock,False,False,Same-morning preparation,False,None,None,None,inventory
2026-07-05,Shop_B,リッチエクレア,regular,7,5,3,8,3,5,0,4,4,0.375,Low closing stock,False,False,Same-morning preparation,False,None,None,None,inventory
2026-07-05,Shop_B,リッチシュー,regular,11,3,9,12,11,1,0,0,0,0.9167,Low closing stock,False,False,Same-morning preparation,False,None,None,None,inventory
2026-07-05,Shop_B,季節シュー,seasonal,11,1,11,12,7,5,0,4,4,0.5833,Low closing stock,False,False,Same-morning preparation,False,None,None,None,inventory
2026-07-05,Shop_C,エクレア,regular,17,0,19,19,16,3,0,1,1,0.8421,Low closing stock,False,False,Same-morning preparation,False,None,None,None,inventory
2026-07-05,Shop_C,シュー,regular,37,2,39,41,35,6,0,2,2,0.8537,Stock remaining,False,False,Same-morning preparation,False,None,None,None,inventory
2026-07-05,Shop_C,パール,regular,11,5,7,12,8,4,0,3,3,0.6667,Low closing stock,False,False,Same-morning preparation,False,None,None,None,inventory
2026-07-05,Shop_C,プリン,regular,12,5,8,13,13,0,0,-1,1,1.0,Sold out,True,False,Same-morning preparation,False,None,None,None,inventory
2026-07-05,Shop_C,リッチエクレア,regular,8,0,9,9,9,0,0,-1,1,1.0,Sold out,True,False,Same-morning preparation,False,None,None,None,inventory
2026-07-05,Shop_C,リッチシュー,regular,18,2,18,20,19,1,0,-1,1,0.95,Low closing stock,False,False,Same-morning preparation,False,None,None,None,inventory
2026-07-05,Shop_C,季節シュー,seasonal,16,5,13,18,16,2,0,0,0,0.8889,Low closing stock,False,False,Same-morning preparation,False,None,None,None,inventory
2026-07-06,Shop_A,エクレア,regular,9,1,9,10,10,0,0,-1,1,1.0,Sold out,True,False,Same-morning preparation,False,None,None,None,inventory
2026-07-06,Shop_A,シュー,regular,25,1,27,28,25,3,0,0,0,0.8929,Low closing stock,False,False,Same-morning preparation,False,None,None,None,inventory
2026-07-06,Shop_A,パール,regular,9,0,10,10,8,2,0,1,1,0.8,Low closing stock,False,False,Same-morning preparation,False,None,None,None,inventory
2026-07-06,Shop_A,プリン,regular,7,1,7,8,8,0,0,-1,1,1.0,Sold out,True,False,Same-morning preparation,False,None,None,None,inventory
2026-07-06,Shop_A,リッチエクレア,regular,5,0,6,6,5,1,0,0,0,0.8333,Low closing stock,False,False,Same-morning preparation,False,None,None,None,inventory
2026-07-06,Shop_A,リッチシュー,regular,17,0,19,19,12,7,0,5,5,0.6316,Stock remaining,False,False,Same-morning preparation,False,None,None,None,inventory
2026-07-06,Shop_A,季節シュー,seasonal,11,2,10,12,4,8,0,7,7,0.3333,Stock remaining,False,False,Same-morning preparation,False,None,None,None,inventory
2026-07-06,Shop_B,エクレア,regular,8,0,9,9,8,1,0,0,0,0.8889,Low closing stock,False,False,Same-morning preparation,False,None,None,None,inventory
2026-07-06,Shop_B,シュー,regular,21,1,23,24,24,0,0,-3,3,1.0,Sold out,True,False,Same-morning preparation,False,None,None,None,inventory
2026-07-06,Shop_B,パール,regular,9,5,5,10,9,1,0,0,0,0.9,Low closing stock,False,False,Same-morning preparation,False,None,None,None,inventory
2026-07-06,Shop_B,プリン,regular,8,3,6,9,6,3,0,2,2,0.6667,Low closing stock,False,False,Same-morning preparation,False,None,None,None,inventory
2026-07-06,Shop_B,リッチエクレア,regular,8,5,4,9,8,1,0,0,0,0.8889,Low closing stock,False,False,Same-morning preparation,False,None,None,None,inventory
2026-07-06,Shop_B,リッチシュー,regular,9,1,9,10,9,1,0,0,0,0.9,Low closing stock,False,False,Same-morning preparation,False,None,None,None,inventory
2026-07-06,Shop_B,季節シュー,seasonal,11,5,7,12,9,3,0,2,2,0.75,Low closing stock,False,False,Same-morning preparation,False,None,None,None,inventory
2026-07-06,Shop_C,エクレア,regular,13,3,12,15,11,4,0,2,2,0.7333,Low closing stock,False,False,Same-morning preparation,False,None,None,None,inventory
2026-07-06,Shop_C,シュー,regular,28,6,25,31,31,0,0,-3,3,1.0,Sold out,True,False,Same-morning preparation,False,None,None,None,inventory
2026-07-06,Shop_C,パール,regular,11,4,8,12,11,1,0,0,0,0.9167,Low closing stock,False,False,Same-morning preparation,False,None,None,None,inventory
2026-07-06,Shop_C,プリン,regular,9,0,10,10,10,0,0,-1,1,1.0,Sold out,True,False,Same-morning preparation,False,None,None,None,inventory
2026-07-06,Shop_C,リッチエクレア,regular,7,0,8,8,8,0,0,-1,1,1.0,Sold out,True,False,Same-morning preparation,False,None,None,None,inventory
2026-07-06,Shop_C,リッチシュー,regular,18,1,19,20,14,6,0,4,4,0.7,Stock remaining,False,False,Same-morning preparation,False,None,None,None,inventory
2026-07-06,Shop_C,季節シュー,seasonal,11,2,10,12,12,0,0,-1,1,1.0,Sold out,True,False,Same-morning preparation,False,None,None,None,inventory
2026-07-07,Shop_A,エクレア,regular,13,0,15,15,7,8,0,6,6,0.4667,Stock remaining,False,False,Same-morning preparation,False,None,None,None,inventory
2026-07-07,Shop_A,シュー,regular,26,3,26,29,26,3,0,0,0,0.8966,Low closing stock,False,False,Same-morning preparation,False,None,None,None,inventory
2026-07-07,Shop_A,パール,regular,5,2,4,6,6,0,0,-1,1,1.0,Sold out,True,False,Same-morning preparation,False,None,None,None,inventory
2026-07-07,Shop_A,プリン,regular,7,0,8,8,8,0,0,-1,1,1.0,Sold out,True,False,Same-morning preparation,False,None,None,None,inventory
2026-07-07,Shop_A,リッチエクレア,regular,7,1,7,8,7,1,0,0,0,0.875,Low closing stock,False,False,Same-morning preparation,False,None,None,None,inventory
2026-07-07,Shop_A,リッチシュー,regular,14,7,9,16,13,3,0,1,1,0.8125,Low closing stock,False,False,Same-morning preparation,False,None,None,None,inventory
2026-07-07,Shop_A,季節シュー,seasonal,12,8,5,13,9,4,0,3,3,0.6923,Low closing stock,False,False,Same-morning preparation,False,None,None,None,inventory
2026-07-07,Shop_B,エクレア,regular,8,1,8,9,9,0,0,-1,1,1.0,Sold out,True,False,Same-morning preparation,False,None,None,None,inventory
2026-07-07,Shop_B,シュー,regular,22,0,25,25,19,6,0,3,3,0.76,Stock remaining,False,False,Same-morning preparation,False,None,None,None,inventory
2026-07-07,Shop_B,パール,regular,5,1,5,6,6,0,0,-1,1,1.0,Sold out,True,False,Same-morning preparation,False,None,None,None,inventory
2026-07-07,Shop_B,プリン,regular,9,3,7,10,5,5,0,4,4,0.5,Low closing stock,False,False,Same-morning preparation,False,None,None,None,inventory
2026-07-07,Shop_B,リッチエクレア,regular,10,1,10,11,5,6,0,5,5,0.4545,Stock remaining,False,False,Same-morning preparation,False,None,None,None,inventory
2026-07-07,Shop_B,リッチシュー,regular,10,1,10,11,10,1,0,0,0,0.9091,Low closing stock,False,False,Same-morning preparation,False,None,None,None,inventory
2026-07-07,Shop_B,季節シュー,seasonal,9,3,7,10,5,5,0,4,4,0.5,Low closing stock,False,False,Same-morning preparation,False,None,None,None,inventory
2026-07-07,Shop_C,エクレア,regular,13,4,11,15,13,2,0,0,0,0.8667,Low closing stock,False,False,Same-morning preparation,False,None,None,None,inventory
2026-07-07,Shop_C,シュー,regular,30,0,34,34,28,6,0,2,2,0.8235,Stock remaining,False,False,Same-morning preparation,False,None,None,None,inventory
2026-07-07,Shop_C,パール,regular,11,1,11,12,11,1,0,0,0,0.9167,Low closing stock,False,False,Same-morning preparation,False,None,None,None,inventory
2026-07-07,Shop_C,プリン,regular,12,0,13,13,10,3,0,2,2,0.7692,Low closing stock,False,False,Same-morning preparation,False,None,None,None,inventory
2026-07-07,Shop_C,リッチエクレア,regular,8,0,9,9,9,0,0,-1,1,1.0,Sold out,True,False,Same-morning preparation,False,None,None,None,inventory
2026-07-07,Shop_C,リッチシュー,regular,16,6,12,18,17,1,0,-1,1,0.9444,Low closing stock,False,False,Same-morning preparation,False,None,None,None,inventory
2026-07-07,Shop_C,季節シュー,seasonal,13,0,15,15,12,3,0,1,1,0.8,Low closing stock,False,False,Same-morning preparation,False,None,None,None,inventory
2026-07-08,Shop_A,エクレア,regular,11,8,4,12,12,0,0,-1,1,1.0,Sold out,True,False,Same-morning preparation,False,None,None,None,inventory
2026-07-08,Shop_A,シュー,regular,27,3,27,30,26,4,0,1,1,0.8667,Low closing stock,False,False,Same-morning preparation,False,None,None,None,inventory
2026-07-08,Shop_A,パール,regular,6,0,7,7,6,1,0,0,0,0.8571,Low closing stock,False,False,Same-morning preparation,False,None,None,None,inventory
2026-07-08,Shop_A,プリン,regular,10,0,11,11,6,5,0,4,4,0.5455,Low closing stock,False,False,Same-morning preparation,False,None,None,None,inventory
2026-07-08,Shop_A,リッチエクレア,regular,8,1,8,9,8,1,0,0,0,0.8889,Low closing stock,False,False,Same-morning preparation,False,None,None,None,inventory
2026-07-08,Shop_A,リッチシュー,regular,14,3,13,16,13,3,0,1,1,0.8125,Low closing stock,False,False,Same-morning preparation,False,None,None,None,inventory
2026-07-08,Shop_A,季節シュー,seasonal,12,4,9,13,7,6,0,5,5,0.5385,Stock remaining,False,False,Same-morning preparation,False,None,None,None,inventory
2026-07-08,Shop_B,エクレア,regular,11,0,12,12,11,1,0,0,0,0.9167,Low closing stock,False,False,Same-morning preparation,False,None,None,None,inventory
2026-07-08,Shop_B,シュー,regular,20,6,16,22,22,0,0,-2,2,1.0,Sold out,True,False,Same-morning preparation,False,None,None,None,inventory
2026-07-08,Shop_B,パール,regular,5,0,6,6,6,0,0,-1,1,1.0,Sold out,True,False,Same-morning preparation,False,None,None,None,inventory
2026-07-08,Shop_B,プリン,regular,7,5,3,8,8,0,0,-1,1,1.0,Sold out,True,False,Same-morning preparation,False,None,None,None,inventory
2026-07-08,Shop_B,リッチエクレア,regular,6,6,1,7,5,2,0,1,1,0.7143,Low closing stock,False,False,Same-morning preparation,False,None,None,None,inventory
2026-07-08,Shop_B,リッチシュー,regular,14,1,15,16,12,4,0,2,2,0.75,Low closing stock,False,False,Same-morning preparation,False,None,None,None,inventory
2026-07-08,Shop_B,季節シュー,seasonal,8,5,4,9,9,0,0,-1,1,1.0,Sold out,True,False,Same-morning preparation,False,None,None,None,inventory
2026-07-08,Shop_C,エクレア,regular,15,2,15,17,11,6,0,4,4,0.6471,Stock remaining,False,False,Same-morning preparation,False,None,None,None,inventory
2026-07-08,Shop_C,シュー,regular,32,6,30,35,27,8,1,5,5,0.7714,Stock remaining,False,True,Same-morning preparation,False,None,None,None,inventory
2026-07-08,Shop_C,パール,regular,9,1,9,10,10,0,0,-1,1,1.0,Sold out,True,False,Same-morning preparation,False,None,None,None,inventory
2026-07-08,Shop_C,プリン,regular,13,3,12,15,13,2,0,0,0,0.8667,Low closing stock,False,False,Same-morning preparation,False,None,None,None,inventory
2026-07-08,Shop_C,リッチエクレア,regular,7,0,8,8,8,0,0,-1,1,1.0,Sold out,True,False,Same-morning preparation,False,None,None,None,inventory
2026-07-08,Shop_C,リッチシュー,regular,17,1,18,19,15,4,0,2,2,0.7895,Low closing stock,False,False,Same-morning preparation,False,None,None,None,inventory
2026-07-08,Shop_C,季節シュー,seasonal,15,3,14,17,11,6,0,4,4,0.6471,Stock remaining,False,False,Same-morning preparation,False,None,None,None,inventory
2026-07-09,Shop_A,エクレア,regular,12,0,13,13,10,3,0,2,2,0.7692,Low closing stock,False,False,Same-morning preparation,False,None,None,None,inventory
2026-07-09,Shop_A,シュー,regular,26,4,25,29,25,4,0,1,1,0.8621,Low closing stock,False,False,Same-morning preparation,False,None,None,None,inventory
2026-07-09,Shop_A,パール,regular,7,1,7,8,5,3,0,2,2,0.625,Low closing stock,False,False,Same-morning preparation,False,None,None,None,inventory
2026-07-09,Shop_A,プリン,regular,8,5,4,8,8,0,1,0,0,1.0,Sold out,True,True,Same-morning preparation,False,None,None,None,inventory
2026-07-09,Shop_A,リッチエクレア,regular,8,1,8,9,4,5,0,4,4,0.4444,Low closing stock,False,False,Same-morning preparation,False,None,None,None,inventory
2026-07-09,Shop_A,リッチシュー,regular,16,3,15,18,14,4,0,2,2,0.7778,Low closing stock,False,False,Same-morning preparation,False,None,None,None,inventory
2026-07-09,Shop_A,季節シュー,seasonal,9,6,4,10,7,3,0,2,2,0.7,Low closing stock,False,False,Same-morning preparation,False,None,None,None,inventory
2026-07-09,Shop_B,エクレア,regular,8,1,8,9,9,0,0,-1,1,1.0,Sold out,True,False,Same-morning preparation,False,None,None,None,inventory
2026-07-09,Shop_B,シュー,regular,19,0,21,21,21,0,0,-2,2,1.0,Sold out,True,False,Same-morning preparation,False,None,None,None,inventory
2026-07-09,Shop_B,パール,regular,6,0,7,7,6,1,0,0,0,0.8571,Low closing stock,False,False,Same-morning preparation,False,None,None,None,inventory
2026-07-09,Shop_B,プリン,regular,9,0,10,10,9,1,0,0,0,0.9,Low closing stock,False,False,Same-morning preparation,False,None,None,None,inventory
2026-07-09,Shop_B,リッチエクレア,regular,5,2,4,6,6,0,0,-1,1,1.0,Sold out,True,False,Same-morning preparation,False,None,None,None,inventory
2026-07-09,Shop_B,リッチシュー,regular,11,4,8,12,12,0,0,-1,1,1.0,Sold out,True,False,Same-morning preparation,False,None,None,None,inventory
2026-07-09,Shop_B,季節シュー,seasonal,6,0,7,7,7,0,0,-1,1,1.0,Sold out,True,False,Same-morning preparation,False,None,None,None,inventory
2026-07-09,Shop_C,エクレア,regular,14,6,10,16,13,3,0,1,1,0.8125,Low closing stock,False,False,Same-morning preparation,False,None,None,None,inventory
2026-07-09,Shop_C,シュー,regular,35,8,31,39,32,7,0,3,3,0.8205,Stock remaining,False,False,Same-morning preparation,False,None,None,None,inventory
2026-07-09,Shop_C,パール,regular,9,0,10,10,10,0,0,-1,1,1.0,Sold out,True,False,Same-morning preparation,False,None,None,None,inventory
2026-07-09,Shop_C,プリン,regular,12,2,11,13,13,0,0,-1,1,1.0,Sold out,True,False,Same-morning preparation,False,None,None,None,inventory
2026-07-09,Shop_C,リッチエクレア,regular,8,0,9,9,9,0,0,-1,1,1.0,Sold out,True,False,Same-morning preparation,False,None,None,None,inventory
2026-07-09,Shop_C,リッチシュー,regular,16,4,14,18,17,1,0,-1,1,0.9444,Low closing stock,False,False,Same-morning preparation,False,None,None,None,inventory
2026-07-09,Shop_C,季節シュー,seasonal,13,6,9,15,15,0,0,-2,2,1.0,Sold out,True,False,Same-morning preparation,False,None,None,None,inventory
2026-07-10,Shop_A,アップルパイ,regular,7,2,6,8,7,1,0,0,0,0.875,Low closing stock,False,False,Same-morning preparation,False,None,None,None,inventory
2026-07-10,Shop_A,エクレア,regular,12,3,10,13,10,3,0,2,2,0.7692,Low closing stock,False,False,Same-morning preparation,False,None,None,None,inventory
2026-07-10,Shop_A,シュー,regular,27,4,26,30,25,5,0,2,2,0.8333,Low closing stock,False,False,Same-morning preparation,False,None,None,None,inventory
2026-07-10,Shop_A,パール,regular,10,3,8,11,8,3,0,2,2,0.7273,Low closing stock,False,False,Same-morning preparation,False,None,None,None,inventory
2026-07-10,Shop_A,プリン,regular,7,0,8,8,8,0,0,-1,1,1.0,Sold out,True,False,Same-morning preparation,False,None,None,None,inventory
2026-07-10,Shop_A,リッチエクレア,regular,7,5,3,8,8,0,0,-1,1,1.0,Sold out,True,False,Same-morning preparation,False,None,None,None,inventory
2026-07-10,Shop_A,リッチシュー,regular,19,4,17,21,18,3,0,1,1,0.8571,Low closing stock,False,False,Same-morning preparation,False,None,None,None,inventory
2026-07-10,Shop_A,季節シュー,seasonal,13,3,12,15,9,6,0,4,4,0.6,Stock remaining,False,False,Same-morning preparation,False,None,None,None,inventory
2026-07-10,Shop_B,アップルパイ,regular,4,1,4,5,5,0,0,-1,1,1.0,Sold out,True,False,Same-morning preparation,False,None,None,None,inventory
2026-07-10,Shop_B,エクレア,regular,12,0,13,13,9,4,0,3,3,0.6923,Low closing stock,False,False,Same-morning preparation,False,None,None,None,inventory
2026-07-10,Shop_B,シュー,regular,23,0,26,26,22,4,0,1,1,0.8462,Low closing stock,False,False,Same-morning preparation,False,None,None,None,inventory
2026-07-10,Shop_B,パール,regular,8,1,8,9,7,2,0,1,1,0.7778,Low closing stock,False,False,Same-morning preparation,False,None,None,None,inventory
2026-07-10,Shop_B,プリン,regular,9,1,9,10,10,0,0,-1,1,1.0,Sold out,True,False,Same-morning preparation,False,None,None,None,inventory
2026-07-10,Shop_B,リッチエクレア,regular,3,0,4,4,4,0,0,-1,1,1.0,Sold out,True,False,Same-morning preparation,False,None,None,None,inventory
2026-07-10,Shop_B,リッチシュー,regular,13,0,15,15,12,3,0,1,1,0.8,Low closing stock,False,False,Same-morning preparation,False,None,None,None,inventory
2026-07-10,Shop_B,季節シュー,seasonal,7,0,8,8,8,0,0,-1,1,1.0,Sold out,True,False,Same-morning preparation,False,None,None,None,inventory
2026-07-10,Shop_C,アップルパイ,regular,12,0,13,13,9,4,0,3,3,0.6923,Low closing stock,False,False,Same-morning preparation,False,None,None,None,inventory
2026-07-10,Shop_C,エクレア,regular,13,3,12,15,9,6,0,4,4,0.6,Stock remaining,False,False,Same-morning preparation,False,None,None,None,inventory
2026-07-10,Shop_C,シュー,regular,33,7,30,37,31,6,0,2,2,0.8378,Stock remaining,False,False,Same-morning preparation,False,None,None,None,inventory
2026-07-10,Shop_C,パール,regular,8,0,9,9,8,1,0,0,0,0.8889,Low closing stock,False,False,Same-morning preparation,False,None,None,None,inventory
2026-07-10,Shop_C,プリン,regular,11,0,12,12,10,2,0,1,1,0.8333,Low closing stock,False,False,Same-morning preparation,False,None,None,None,inventory
2026-07-10,Shop_C,リッチエクレア,regular,7,0,8,8,8,0,0,-1,1,1.0,Sold out,True,False,Same-morning preparation,False,None,None,None,inventory
2026-07-10,Shop_C,リッチシュー,regular,18,1,19,20,19,1,0,-1,1,0.95,Low closing stock,False,False,Same-morning preparation,False,None,None,None,inventory
2026-07-10,Shop_C,季節シュー,seasonal,14,0,16,16,12,4,0,2,2,0.75,Low closing stock,False,False,Same-morning preparation,False,None,None,None,inventory
2026-07-11,Shop_A,アップルパイ,regular,8,1,8,9,9,0,0,-1,1,1.0,Sold out,True,False,Same-morning preparation,True,Synthetic summer weekend campaign,Free choux with pastry purchase,シュー,inventory
2026-07-11,Shop_A,エクレア,regular,18,3,17,20,17,3,0,1,1,0.85,Low closing stock,False,False,Same-morning preparation,True,Synthetic summer weekend campaign,Free choux with pastry purchase,シュー,inventory
2026-07-11,Shop_A,シュー,regular,35,5,34,39,36,3,0,-1,1,0.9231,Low closing stock,False,False,Same-morning preparation,True,Synthetic summer weekend campaign,Free choux with pastry purchase,シュー,inventory
2026-07-11,Shop_A,パール,regular,7,3,5,8,8,0,0,-1,1,1.0,Sold out,True,False,Same-morning preparation,True,Synthetic summer weekend campaign,Free choux with pastry purchase,シュー,inventory
2026-07-11,Shop_A,プリン,regular,12,0,13,13,11,2,0,1,1,0.8462,Low closing stock,False,False,Same-morning preparation,True,Synthetic summer weekend campaign,Free choux with pastry purchase,シュー,inventory
2026-07-11,Shop_A,リッチエクレア,regular,10,0,11,11,11,0,0,-1,1,1.0,Sold out,True,False,Same-morning preparation,True,Synthetic summer weekend campaign,Free choux with pastry purchase,シュー,inventory
2026-07-11,Shop_A,リッチシュー,regular,19,3,18,21,19,2,0,0,0,0.9048,Low closing stock,False,False,Same-morning preparation,True,Synthetic summer weekend campaign,Free choux with pastry purchase,シュー,inventory
2026-07-11,Shop_A,季節シュー,seasonal,13,6,9,15,15,0,0,-2,2,1.0,Sold out,True,False,Same-morning preparation,True,Synthetic summer weekend campaign,Free choux with pastry purchase,シュー,inventory
2026-07-11,Shop_B,アップルパイ,regular,7,0,8,8,4,4,0,3,3,0.5,Low closing stock,False,False,Same-morning preparation,True,Synthetic summer weekend campaign,Free choux with pastry purchase,シュー,inventory
2026-07-11,Shop_B,エクレア,regular,12,4,9,13,10,3,0,2,2,0.7692,Low closing stock,False,False,Same-morning preparation,True,Synthetic summer weekend campaign,Free choux with pastry purchase,シュー,inventory
2026-07-11,Shop_B,シュー,regular,28,4,27,31,30,1,0,-2,2,0.9677,Low closing stock,False,False,Same-morning preparation,True,Synthetic summer weekend campaign,Free choux with pastry purchase,シュー,inventory
2026-07-11,Shop_B,パール,regular,9,2,8,9,9,0,1,0,0,1.0,Sold out,True,True,Same-morning preparation,True,Synthetic summer weekend campaign,Free choux with pastry purchase,シュー,inventory
2026-07-11,Shop_B,プリン,regular,11,0,12,12,10,2,0,1,1,0.8333,Low closing stock,False,False,Same-morning preparation,True,Synthetic summer weekend campaign,Free choux with pastry purchase,シュー,inventory
2026-07-11,Shop_B,リッチエクレア,regular,9,0,10,10,8,2,0,1,1,0.8,Low closing stock,False,False,Same-morning preparation,True,Synthetic summer weekend campaign,Free choux with pastry purchase,シュー,inventory
2026-07-11,Shop_B,リッチシュー,regular,12,3,10,13,13,0,0,-1,1,1.0,Sold out,True,False,Same-morning preparation,True,Synthetic summer weekend campaign,Free choux with pastry purchase,シュー,inventory
2026-07-11,Shop_B,季節シュー,seasonal,10,0,11,11,7,4,0,3,3,0.6364,Low closing stock,False,False,Same-morning preparation,True,Synthetic summer weekend campaign,Free choux with pastry purchase,シュー,inventory
2026-07-11,Shop_C,アップルパイ,regular,7,4,4,8,8,0,0,-1,1,1.0,Sold out,True,False,Same-morning preparation,True,Synthetic summer weekend campaign,Free choux with pastry purchase,シュー,inventory
2026-07-11,Shop_C,エクレア,regular,17,6,13,19,16,3,0,1,1,0.8421,Low closing stock,False,False,Same-morning preparation,True,Synthetic summer weekend campaign,Free choux with pastry purchase,シュー,inventory
2026-07-11,Shop_C,シュー,regular,43,6,42,48,42,6,0,1,1,0.875,Stock remaining,False,False,Same-morning preparation,True,Synthetic summer weekend campaign,Free choux with pastry purchase,シュー,inventory
2026-07-11,Shop_C,パール,regular,14,1,15,16,14,2,0,0,0,0.875,Low closing stock,False,False,Same-morning preparation,True,Synthetic summer weekend campaign,Free choux with pastry purchase,シュー,inventory
2026-07-11,Shop_C,プリン,regular,14,2,14,16,15,1,0,-1,1,0.9375,Low closing stock,False,False,Same-morning preparation,True,Synthetic summer weekend campaign,Free choux with pastry purchase,シュー,inventory
2026-07-11,Shop_C,リッチエクレア,regular,10,0,11,11,11,0,0,-1,1,1.0,Sold out,True,False,Same-morning preparation,True,Synthetic summer weekend campaign,Free choux with pastry purchase,シュー,inventory
2026-07-11,Shop_C,リッチシュー,regular,20,1,21,22,22,0,0,-2,2,1.0,Sold out,True,False,Same-morning preparation,True,Synthetic summer weekend campaign,Free choux with pastry purchase,シュー,inventory
2026-07-11,Shop_C,季節シュー,seasonal,17,4,15,19,17,2,0,0,0,0.8947,Low closing stock,False,False,Same-morning preparation,True,Synthetic summer weekend campaign,Free choux with pastry purchase,シュー,inventory
2026-07-12,Shop_A,アップルパイ,regular,10,0,11,11,8,3,0,2,2,0.7273,Low closing stock,False,False,Same-morning preparation,False,None,None,None,inventory
2026-07-12,Shop_A,エクレア,regular,14,3,13,16,16,0,0,-2,2,1.0,Sold out,True,False,Same-morning preparation,False,None,None,None,inventory
2026-07-12,Shop_A,シュー,regular,35,3,36,39,38,1,0,-3,3,0.9744,Low closing stock,False,False,Same-morning preparation,False,None,None,None,inventory
2026-07-12,Shop_A,パール,regular,7,0,8,8,8,0,0,-1,1,1.0,Sold out,True,False,Same-morning preparation,False,None,None,None,inventory
2026-07-12,Shop_A,プリン,regular,13,2,13,15,8,7,0,5,5,0.5333,Stock remaining,False,False,Same-morning preparation,False,None,None,None,inventory
2026-07-12,Shop_A,リッチエクレア,regular,11,0,12,12,11,1,0,0,0,0.9167,Low closing stock,False,False,Same-morning preparation,False,None,None,None,inventory
2026-07-12,Shop_A,リッチシュー,regular,19,2,19,21,20,1,0,-1,1,0.9524,Low closing stock,False,False,Same-morning preparation,False,None,None,None,inventory
2026-07-12,Shop_A,季節シュー,seasonal,15,0,17,17,13,4,0,2,2,0.7647,Low closing stock,False,False,Same-morning preparation,False,None,None,None,inventory
2026-07-12,Shop_B,アップルパイ,regular,10,4,7,11,6,5,0,4,4,0.5455,Low closing stock,False,False,Same-morning preparation,False,None,None,None,inventory
2026-07-12,Shop_B,エクレア,regular,13,3,12,14,9,5,1,4,4,0.6429,Low closing stock,False,True,Same-morning preparation,False,None,None,None,inventory
2026-07-12,Shop_B,シュー,regular,31,1,34,35,28,7,0,3,3,0.8,Stock remaining,False,False,Same-morning preparation,False,None,None,None,inventory
2026-07-12,Shop_B,パール,regular,13,0,15,15,11,4,0,2,2,0.7333,Low closing stock,False,False,Same-morning preparation,False,None,None,None,inventory
2026-07-12,Shop_B,プリン,regular,10,2,9,11,11,0,0,-1,1,1.0,Sold out,True,False,Same-morning preparation,False,None,None,None,inventory
2026-07-12,Shop_B,リッチエクレア,regular,8,2,7,9,6,3,0,2,2,0.6667,Low closing stock,False,False,Same-morning preparation,False,None,None,None,inventory
2026-07-12,Shop_B,リッチシュー,regular,15,0,17,17,14,3,0,1,1,0.8235,Low closing stock,False,False,Same-morning preparation,False,None,None,None,inventory
2026-07-12,Shop_B,季節シュー,seasonal,11,4,8,12,10,2,0,1,1,0.8333,Low closing stock,False,False,Same-morning preparation,False,None,None,None,inventory
2026-07-12,Shop_C,アップルパイ,regular,11,0,12,12,12,0,0,-1,1,1.0,Sold out,True,False,Same-morning preparation,False,None,None,None,inventory
2026-07-12,Shop_C,エクレア,regular,19,3,18,21,18,3,0,1,1,0.8571,Low closing stock,False,False,Same-morning preparation,False,None,None,None,inventory
2026-07-12,Shop_C,シュー,regular,42,6,41,47,44,3,0,-2,2,0.9362,Low closing stock,False,False,Same-morning preparation,False,None,None,None,inventory
2026-07-12,Shop_C,パール,regular,12,2,11,13,13,0,0,-1,1,1.0,Sold out,True,False,Same-morning preparation,False,None,None,None,inventory
2026-07-12,Shop_C,プリン,regular,15,1,16,17,12,5,0,3,3,0.7059,Low closing stock,False,False,Same-morning preparation,False,None,None,None,inventory
2026-07-12,Shop_C,リッチエクレア,regular,10,0,11,11,11,0,0,-1,1,1.0,Sold out,True,False,Same-morning preparation,False,None,None,None,inventory
2026-07-12,Shop_C,リッチシュー,regular,22,0,25,25,25,0,0,-3,3,1.0,Sold out,True,False,Same-morning preparation,False,None,None,None,inventory
2026-07-12,Shop_C,季節シュー,seasonal,17,2,17,18,15,3,1,2,2,0.8333,Low closing stock,False,True,Same-morning preparation,False,None,None,None,inventory
2026-07-13,Shop_A,アップルパイ,regular,5,3,3,6,4,2,0,1,1,0.6667,Low closing stock,False,False,Same-morning preparation,False,None,None,None,inventory
2026-07-13,Shop_A,エクレア,regular,14,0,16,16,14,2,0,0,0,0.875,Low closing stock,False,False,Same-morning preparation,False,None,None,None,inventory
2026-07-13,Shop_A,シュー,regular,31,1,34,35,30,5,0,1,1,0.8571,Low closing stock,False,False,Same-morning preparation,False,None,None,None,inventory
2026-07-13,Shop_A,パール,regular,11,0,12,12,11,1,0,0,0,0.9167,Low closing stock,False,False,Same-morning preparation,False,None,None,None,inventory
2026-07-13,Shop_A,プリン,regular,12,7,6,13,10,3,0,2,2,0.7692,Low closing stock,False,False,Same-morning preparation,False,None,None,None,inventory
2026-07-13,Shop_A,リッチエクレア,regular,8,1,8,9,9,0,0,-1,1,1.0,Sold out,True,False,Same-morning preparation,False,None,None,None,inventory
2026-07-13,Shop_A,リッチシュー,regular,15,1,16,17,17,0,0,-2,2,1.0,Sold out,True,False,Same-morning preparation,False,None,None,None,inventory
2026-07-13,Shop_A,季節シュー,seasonal,11,4,8,12,9,3,0,2,2,0.75,Low closing stock,False,False,Same-morning preparation,False,None,None,None,inventory
2026-07-13,Shop_B,アップルパイ,regular,6,5,2,7,7,0,0,-1,1,1.0,Sold out,True,False,Same-morning preparation,False,None,None,None,inventory
2026-07-13,Shop_B,エクレア,regular,11,5,7,12,8,4,0,3,3,0.6667,Low closing stock,False,False,Same-morning preparation,False,None,None,None,inventory
2026-07-13,Shop_B,シュー,regular,25,7,21,28,24,4,0,1,1,0.8571,Low closing stock,False,False,Same-morning preparation,False,None,None,None,inventory
2026-07-13,Shop_B,パール,regular,13,4,11,15,9,6,0,4,4,0.6,Stock remaining,False,False,Same-morning preparation,False,None,None,None,inventory
2026-07-13,Shop_B,プリン,regular,9,0,10,10,6,4,0,3,3,0.6,Low closing stock,False,False,Same-morning preparation,False,None,None,None,inventory
2026-07-13,Shop_B,リッチエクレア,regular,6,3,4,7,7,0,0,-1,1,1.0,Sold out,True,False,Same-morning preparation,False,None,None,None,inventory
2026-07-13,Shop_B,リッチシュー,regular,14,3,13,16,13,3,0,1,1,0.8125,Low closing stock,False,False,Same-morning preparation,False,None,None,None,inventory
2026-07-13,Shop_B,季節シュー,seasonal,10,2,9,11,10,1,0,0,0,0.9091,Low closing stock,False,False,Same-morning preparation,False,None,None,None,inventory
2026-07-13,Shop_C,アップルパイ,regular,6,0,7,7,7,0,0,-1,1,1.0,Sold out,True,False,Same-morning preparation,False,None,None,None,inventory
2026-07-13,Shop_C,エクレア,regular,14,3,13,16,15,1,0,-1,1,0.9375,Low closing stock,False,False,Same-morning preparation,False,None,None,None,inventory
2026-07-13,Shop_C,シュー,regular,33,3,34,37,31,6,0,2,2,0.8378,Stock remaining,False,False,Same-morning preparation,False,None,None,None,inventory
2026-07-13,Shop_C,パール,regular,14,0,16,16,9,7,0,5,5,0.5625,Stock remaining,False,False,Same-morning preparation,False,None,None,None,inventory
2026-07-13,Shop_C,プリン,regular,15,5,12,17,13,4,0,2,2,0.7647,Low closing stock,False,False,Same-morning preparation,False,None,None,None,inventory
2026-07-13,Shop_C,リッチエクレア,regular,10,0,11,11,8,3,0,2,2,0.7273,Low closing stock,False,False,Same-morning preparation,False,None,None,None,inventory
2026-07-13,Shop_C,リッチシュー,regular,17,0,19,19,17,2,0,0,0,0.8947,Low closing stock,False,False,Same-morning preparation,False,None,None,None,inventory
2026-07-13,Shop_C,季節シュー,seasonal,13,3,12,15,15,0,0,-2,2,1.0,Sold out,True,False,Same-morning preparation,False,None,None,None,inventory
2026-07-14,Shop_A,アップルパイ,regular,9,2,8,10,10,0,0,-1,1,1.0,Sold out,True,False,Same-morning preparation,False,None,None,None,inventory
2026-07-14,Shop_A,エクレア,regular,14,2,14,16,14,2,0,0,0,0.875,Low closing stock,False,False,Same-morning preparation,False,None,None,None,inventory
2026-07-14,Shop_A,シュー,regular,29,5,27,31,31,0,1,-2,2,1.0,Sold out,True,True,Same-morning preparation,False,None,None,None,inventory
2026-07-14,Shop_A,パール,regular,11,1,11,12,9,3,0,2,2,0.75,Low closing stock,False,False,Same-morning preparation,False,None,None,None,inventory
2026-07-14,Shop_A,プリン,regular,9,3,7,10,10,0,0,-1,1,1.0,Sold out,True,False,Same-morning preparation,False,None,None,None,inventory
2026-07-14,Shop_A,リッチエクレア,regular,8,0,9,9,9,0,0,-1,1,1.0,Sold out,True,False,Same-morning preparation,False,None,None,None,inventory
2026-07-14,Shop_A,リッチシュー,regular,17,0,19,19,17,2,0,0,0,0.8947,Low closing stock,False,False,Same-morning preparation,False,None,None,None,inventory
2026-07-14,Shop_A,季節シュー,seasonal,14,3,13,16,10,6,0,4,4,0.625,Stock remaining,False,False,Same-morning preparation,False,None,None,None,inventory
2026-07-14,Shop_B,アップルパイ,regular,6,0,7,7,6,1,0,0,0,0.8571,Low closing stock,False,False,Same-morning preparation,False,None,None,None,inventory
2026-07-14,Shop_B,エクレア,regular,12,4,9,13,12,1,0,0,0,0.9231,Low closing stock,False,False,Same-morning preparation,False,None,None,None,inventory
2026-07-14,Shop_B,シュー,regular,26,4,25,29,27,2,0,-1,1,0.931,Low closing stock,False,False,Same-morning preparation,False,None,None,None,inventory
2026-07-14,Shop_B,パール,regular,9,6,4,10,7,3,0,2,2,0.7,Low closing stock,False,False,Same-morning preparation,False,None,None,None,inventory
2026-07-14,Shop_B,プリン,regular,10,4,7,11,9,2,0,1,1,0.8182,Low closing stock,False,False,Same-morning preparation,False,None,None,None,inventory
2026-07-14,Shop_B,リッチエクレア,regular,8,0,9,9,8,1,0,0,0,0.8889,Low closing stock,False,False,Same-morning preparation,False,None,None,None,inventory
2026-07-14,Shop_B,リッチシュー,regular,13,3,12,15,15,0,0,-2,2,1.0,Sold out,True,False,Same-morning preparation,False,None,None,None,inventory
2026-07-14,Shop_B,季節シュー,seasonal,9,1,9,10,10,0,0,-1,1,1.0,Sold out,True,False,Same-morning preparation,False,None,None,None,inventory
2026-07-14,Shop_C,アップルパイ,regular,6,0,7,7,3,4,0,3,3,0.4286,Low closing stock,False,False,Same-morning preparation,False,None,None,None,inventory
2026-07-14,Shop_C,エクレア,regular,15,1,16,17,15,2,0,0,0,0.8824,Low closing stock,False,False,Same-morning preparation,False,None,None,None,inventory
2026-07-14,Shop_C,シュー,regular,32,6,30,36,33,3,0,-1,1,0.9167,Low closing stock,False,False,Same-morning preparation,False,None,None,None,inventory
2026-07-14,Shop_C,パール,regular,12,7,6,13,11,2,0,1,1,0.8462,Low closing stock,False,False,Same-morning preparation,False,None,None,None,inventory
2026-07-14,Shop_C,プリン,regular,10,4,7,11,11,0,0,-1,1,1.0,Sold out,True,False,Same-morning preparation,False,None,None,None,inventory
2026-07-14,Shop_C,リッチエクレア,regular,9,3,7,10,10,0,0,-1,1,1.0,Sold out,True,False,Same-morning preparation,False,None,None,None,inventory
2026-07-14,Shop_C,リッチシュー,regular,21,2,22,24,17,7,0,4,4,0.7083,Stock remaining,False,False,Same-morning preparation,False,None,None,None,inventory
2026-07-14,Shop_C,季節シュー,seasonal,13,0,15,15,12,3,0,1,1,0.8,Low closing stock,False,False,Same-morning preparation,False,None,None,None,inventory
2026-07-15,Shop_A,アップルパイ,regular,6,0,7,7,7,0,0,-1,1,1.0,Sold out,True,False,Same-morning preparation,False,None,None,None,inventory
2026-07-15,Shop_A,エクレア,regular,10,2,9,10,10,0,1,0,0,1.0,Sold out,True,True,Same-morning preparation,False,None,None,None,inventory
2026-07-15,Shop_A,シュー,regular,30,0,34,34,30,4,0,0,0,0.8824,Low closing stock,False,False,Same-morning preparation,False,None,None,None,inventory
2026-07-15,Shop_A,パール,regular,10,3,8,11,11,0,0,-1,1,1.0,Sold out,True,False,Same-morning preparation,False,None,None,None,inventory
2026-07-15,Shop_A,プリン,regular,10,0,11,11,11,0,0,-1,1,1.0,Sold out,True,False,Same-morning preparation,False,None,None,None,inventory
2026-07-15,Shop_A,リッチエクレア,regular,7,0,8,8,8,0,0,-1,1,1.0,Sold out,True,False,Same-morning preparation,False,None,None,None,inventory
2026-07-15,Shop_A,リッチシュー,regular,16,2,16,18,15,3,0,1,1,0.8333,Low closing stock,False,False,Same-morning preparation,False,None,None,None,inventory
2026-07-15,Shop_A,季節シュー,seasonal,11,6,6,12,9,3,0,2,2,0.75,Low closing stock,False,False,Same-morning preparation,False,None,None,None,inventory
2026-07-15,Shop_B,アップルパイ,regular,8,1,8,9,8,1,0,0,0,0.8889,Low closing stock,False,False,Same-morning preparation,False,None,None,None,inventory
2026-07-15,Shop_B,エクレア,regular,12,1,12,13,7,6,0,5,5,0.5385,Stock remaining,False,False,Same-morning preparation,False,None,None,None,inventory
2026-07-15,Shop_B,シュー,regular,27,2,28,30,24,6,0,3,3,0.8,Stock remaining,False,False,Same-morning preparation,False,None,None,None,inventory
2026-07-15,Shop_B,パール,regular,7,3,5,8,7,1,0,0,0,0.875,Low closing stock,False,False,Same-morning preparation,False,None,None,None,inventory
2026-07-15,Shop_B,プリン,regular,9,2,8,10,10,0,0,-1,1,1.0,Sold out,True,False,Same-morning preparation,False,None,None,None,inventory
2026-07-15,Shop_B,リッチエクレア,regular,9,1,9,10,7,3,0,2,2,0.7,Low closing stock,False,False,Same-morning preparation,False,None,None,None,inventory
2026-07-15,Shop_B,リッチシュー,regular,15,0,17,17,14,3,0,1,1,0.8235,Low closing stock,False,False,Same-morning preparation,False,None,None,None,inventory
2026-07-15,Shop_B,季節シュー,seasonal,10,0,11,11,11,0,0,-1,1,1.0,Sold out,True,False,Same-morning preparation,False,None,None,None,inventory
2026-07-15,Shop_C,アップルパイ,regular,10,4,7,11,4,7,0,6,6,0.3636,Stock remaining,False,False,Same-morning preparation,False,None,None,None,inventory
2026-07-15,Shop_C,エクレア,regular,16,2,16,18,13,5,0,3,3,0.7222,Low closing stock,False,False,Same-morning preparation,False,None,None,None,inventory
2026-07-15,Shop_C,シュー,regular,31,3,32,35,35,0,0,-4,4,1.0,Sold out,True,False,Same-morning preparation,False,None,None,None,inventory
2026-07-15,Shop_C,パール,regular,13,2,13,15,11,4,0,2,2,0.7333,Low closing stock,False,False,Same-morning preparation,False,None,None,None,inventory
2026-07-15,Shop_C,プリン,regular,14,0,16,16,12,4,0,2,2,0.75,Low closing stock,False,False,Same-morning preparation,False,None,None,None,inventory
2026-07-15,Shop_C,リッチエクレア,regular,9,0,10,10,9,1,0,0,0,0.9,Low closing stock,False,False,Same-morning preparation,False,None,None,None,inventory
2026-07-15,Shop_C,リッチシュー,regular,19,7,14,21,17,4,0,2,2,0.8095,Low closing stock,False,False,Same-morning preparation,False,None,None,None,inventory
2026-07-15,Shop_C,季節シュー,seasonal,15,3,14,17,17,0,0,-2,2,1.0,Sold out,True,False,Same-morning preparation,False,None,None,None,inventory
2026-07-16,Shop_A,アップルパイ,regular,9,0,10,10,8,2,0,1,1,0.8,Low closing stock,False,False,Same-morning preparation,False,None,None,None,inventory
2026-07-16,Shop_A,エクレア,regular,10,0,11,11,11,0,0,-1,1,1.0,Sold out,True,False,Same-morning preparation,False,None,None,None,inventory
2026-07-16,Shop_A,シュー,regular,29,4,28,32,32,0,0,-3,3,1.0,Sold out,True,False,Same-morning preparation,False,None,None,None,inventory
2026-07-16,Shop_A,パール,regular,8,0,9,9,9,0,0,-1,1,1.0,Sold out,True,False,Same-morning preparation,False,None,None,None,inventory
2026-07-16,Shop_A,プリン,regular,11,0,12,12,12,0,0,-1,1,1.0,Sold out,True,False,Same-morning preparation,False,None,None,None,inventory
2026-07-16,Shop_A,リッチエクレア,regular,8,0,9,9,7,2,0,1,1,0.7778,Low closing stock,False,False,Same-morning preparation,False,None,None,None,inventory
2026-07-16,Shop_A,リッチシュー,regular,17,3,16,19,15,4,0,2,2,0.7895,Low closing stock,False,False,Same-morning preparation,False,None,None,None,inventory
2026-07-16,Shop_A,季節シュー,seasonal,12,3,10,13,7,6,0,5,5,0.5385,Stock remaining,False,False,Same-morning preparation,False,None,None,None,inventory
2026-07-16,Shop_B,アップルパイ,regular,7,1,7,8,7,1,0,0,0,0.875,Low closing stock,False,False,Same-morning preparation,False,None,None,None,inventory
2026-07-16,Shop_B,エクレア,regular,9,6,4,10,9,1,0,0,0,0.9,Low closing stock,False,False,Same-morning preparation,False,None,None,None,inventory
2026-07-16,Shop_B,シュー,regular,24,6,21,27,22,5,0,2,2,0.8148,Low closing stock,False,False,Same-morning preparation,False,None,None,None,inventory
2026-07-16,Shop_B,パール,regular,8,1,8,9,9,0,0,-1,1,1.0,Sold out,True,False,Same-morning preparation,False,None,None,None,inventory
2026-07-16,Shop_B,プリン,regular,7,0,8,8,7,1,0,0,0,0.875,Low closing stock,False,False,Same-morning preparation,False,None,None,None,inventory
2026-07-16,Shop_B,リッチエクレア,regular,7,3,5,8,7,1,0,0,0,0.875,Low closing stock,False,False,Same-morning preparation,False,None,None,None,inventory
2026-07-16,Shop_B,リッチシュー,regular,13,3,12,15,11,4,0,2,2,0.7333,Low closing stock,False,False,Same-morning preparation,False,None,None,None,inventory
2026-07-16,Shop_B,季節シュー,seasonal,7,0,8,8,8,0,0,-1,1,1.0,Sold out,True,False,Same-morning preparation,False,None,None,None,inventory
2026-07-16,Shop_C,アップルパイ,regular,9,7,3,10,9,1,0,0,0,0.9,Low closing stock,False,False,Same-morning preparation,False,None,None,None,inventory
2026-07-16,Shop_C,エクレア,regular,12,5,8,13,13,0,0,-1,1,1.0,Sold out,True,False,Same-morning preparation,False,None,None,None,inventory
2026-07-16,Shop_C,シュー,regular,35,0,39,39,33,6,0,2,2,0.8462,Stock remaining,False,False,Same-morning preparation,False,None,None,None,inventory
2026-07-16,Shop_C,パール,regular,12,4,9,13,9,4,0,3,3,0.6923,Low closing stock,False,False,Same-morning preparation,False,None,None,None,inventory
2026-07-16,Shop_C,プリン,regular,12,4,9,13,11,2,0,1,1,0.8462,Low closing stock,False,False,Same-morning preparation,False,None,None,None,inventory
2026-07-16,Shop_C,リッチエクレア,regular,8,1,8,9,4,5,0,4,4,0.4444,Low closing stock,False,False,Same-morning preparation,False,None,None,None,inventory
2026-07-16,Shop_C,リッチシュー,regular,19,4,17,21,18,3,0,1,1,0.8571,Low closing stock,False,False,Same-morning preparation,False,None,None,None,inventory
2026-07-16,Shop_C,季節シュー,seasonal,13,0,15,15,13,2,0,0,0,0.8667,Low closing stock,False,False,Same-morning preparation,False,None,None,None,inventory
2026-07-17,Shop_A,アップルパイ,regular,7,2,6,8,6,2,0,1,1,0.75,Low closing stock,False,False,Same-morning preparation,False,None,None,None,inventory
2026-07-17,Shop_A,エクレア,regular,14,0,16,16,15,1,0,-1,1,0.9375,Low closing stock,False,False,Same-morning preparation,False,None,None,None,inventory
2026-07-17,Shop_A,シュー,regular,27,0,30,30,25,5,0,2,2,0.8333,Low closing stock,False,False,Same-morning preparation,False,None,None,None,inventory
2026-07-17,Shop_A,パール,regular,7,0,8,8,8,0,0,-1,1,1.0,Sold out,True,False,Same-morning preparation,False,None,None,None,inventory
2026-07-17,Shop_A,プリン,regular,8,0,9,9,9,0,0,-1,1,1.0,Sold out,True,False,Same-morning preparation,False,None,None,None,inventory
2026-07-17,Shop_A,リッチエクレア,regular,7,2,6,8,6,2,0,1,1,0.75,Low closing stock,False,False,Same-morning preparation,False,None,None,None,inventory
2026-07-17,Shop_A,リッチシュー,regular,12,4,9,13,13,0,0,-1,1,1.0,Sold out,True,False,Same-morning preparation,False,None,None,None,inventory
2026-07-17,Shop_A,季節シュー,seasonal,10,6,5,11,9,2,0,1,1,0.8182,Low closing stock,False,False,Same-morning preparation,False,None,None,None,inventory
2026-07-17,Shop_B,アップルパイ,regular,5,1,5,6,4,2,0,1,1,0.6667,Low closing stock,False,False,Same-morning preparation,False,None,None,None,inventory
2026-07-17,Shop_B,エクレア,regular,9,1,9,10,10,0,0,-1,1,1.0,Sold out,True,False,Same-morning preparation,False,None,None,None,inventory
2026-07-17,Shop_B,シュー,regular,21,5,19,24,21,3,0,0,0,0.875,Low closing stock,False,False,Same-morning preparation,False,None,None,None,inventory
2026-07-17,Shop_B,パール,regular,7,0,8,8,8,0,0,-1,1,1.0,Sold out,True,False,Same-morning preparation,False,None,None,None,inventory
2026-07-17,Shop_B,プリン,regular,7,1,7,8,8,0,0,-1,1,1.0,Sold out,True,False,Same-morning preparation,False,None,None,None,inventory
2026-07-17,Shop_B,リッチエクレア,regular,8,1,8,9,5,4,0,3,3,0.5556,Low closing stock,False,False,Same-morning preparation,False,None,None,None,inventory
2026-07-17,Shop_B,リッチシュー,regular,13,4,11,15,14,1,0,-1,1,0.9333,Low closing stock,False,False,Same-morning preparation,False,None,None,None,inventory
2026-07-17,Shop_B,季節シュー,seasonal,7,0,8,8,8,0,0,-1,1,1.0,Sold out,True,False,Same-morning preparation,False,None,None,None,inventory
2026-07-17,Shop_C,アップルパイ,regular,9,1,9,10,4,6,0,5,5,0.4,Stock remaining,False,False,Same-morning preparation,False,None,None,None,inventory
2026-07-17,Shop_C,エクレア,regular,15,0,17,17,17,0,0,-2,2,1.0,Sold out,True,False,Same-morning preparation,False,None,None,None,inventory
2026-07-17,Shop_C,シュー,regular,34,6,32,38,32,6,0,2,2,0.8421,Stock remaining,False,False,Same-morning preparation,False,None,None,None,inventory
2026-07-17,Shop_C,パール,regular,9,4,6,10,10,0,0,-1,1,1.0,Sold out,True,False,Same-morning preparation,False,None,None,None,inventory
2026-07-17,Shop_C,プリン,regular,9,2,8,10,10,0,0,-1,1,1.0,Sold out,True,False,Same-morning preparation,False,None,None,None,inventory
2026-07-17,Shop_C,リッチエクレア,regular,9,5,5,10,10,0,0,-1,1,1.0,Sold out,True,False,Same-morning preparation,False,None,None,None,inventory
2026-07-17,Shop_C,リッチシュー,regular,17,3,16,19,18,1,0,-1,1,0.9474,Low closing stock,False,False,Same-morning preparation,False,None,None,None,inventory
2026-07-17,Shop_C,季節シュー,seasonal,13,2,13,15,13,2,0,0,0,0.8667,Low closing stock,False,False,Same-morning preparation,False,None,None,None,inventory
2026-07-18,Shop_A,アップルパイ,regular,8,2,7,9,8,1,0,0,0,0.8889,Low closing stock,False,False,Same-morning preparation,False,None,None,None,inventory
2026-07-18,Shop_A,エクレア,regular,14,1,15,16,12,4,0,2,2,0.75,Low closing stock,False,False,Same-morning preparation,False,None,None,None,inventory
2026-07-18,Shop_A,シュー,regular,32,5,31,35,35,0,1,-3,3,1.0,Sold out,True,True,Same-morning preparation,False,None,None,None,inventory
2026-07-18,Shop_A,パール,regular,11,0,12,12,10,2,0,1,1,0.8333,Low closing stock,False,False,Same-morning preparation,False,None,None,None,inventory
2026-07-18,Shop_A,プリン,regular,13,0,15,15,11,4,0,2,2,0.7333,Low closing stock,False,False,Same-morning preparation,False,None,None,None,inventory
2026-07-18,Shop_A,リッチエクレア,regular,10,2,9,11,9,2,0,1,1,0.8182,Low closing stock,False,False,Same-morning preparation,False,None,None,None,inventory
2026-07-18,Shop_A,リッチシュー,regular,19,0,21,21,14,7,0,5,5,0.6667,Stock remaining,False,False,Same-morning preparation,False,None,None,None,inventory
2026-07-18,Shop_A,季節シュー,seasonal,11,2,10,12,12,0,0,-1,1,1.0,Sold out,True,False,Same-morning preparation,False,None,None,None,inventory
2026-07-18,Shop_B,アップルパイ,regular,7,2,6,8,7,1,0,0,0,0.875,Low closing stock,False,False,Same-morning preparation,False,None,None,None,inventory
2026-07-18,Shop_B,エクレア,regular,13,0,15,15,13,2,0,0,0,0.8667,Low closing stock,False,False,Same-morning preparation,False,None,None,None,inventory
2026-07-18,Shop_B,シュー,regular,27,3,27,30,24,6,0,3,3,0.8,Stock remaining,False,False,Same-morning preparation,False,None,None,None,inventory
2026-07-18,Shop_B,パール,regular,10,0,11,11,8,3,0,2,2,0.7273,Low closing stock,False,False,Same-morning preparation,False,None,None,None,inventory
2026-07-18,Shop_B,プリン,regular,12,0,13,13,9,4,0,3,3,0.6923,Low closing stock,False,False,Same-morning preparation,False,None,None,None,inventory
2026-07-18,Shop_B,リッチエクレア,regular,7,4,4,8,7,1,0,0,0,0.875,Low closing stock,False,False,Same-morning preparation,False,None,None,None,inventory
2026-07-18,Shop_B,リッチシュー,regular,18,1,19,20,10,10,0,8,8,0.5,Stock remaining,False,False,Same-morning preparation,False,None,None,None,inventory
2026-07-18,Shop_B,季節シュー,seasonal,12,0,13,13,11,2,0,1,1,0.8462,Low closing stock,False,False,Same-morning preparation,False,None,None,None,inventory
2026-07-18,Shop_C,アップルパイ,regular,10,6,5,11,11,0,0,-1,1,1.0,Sold out,True,False,Same-morning preparation,False,None,None,None,inventory
2026-07-18,Shop_C,エクレア,regular,15,0,17,17,17,0,0,-2,2,1.0,Sold out,True,False,Same-morning preparation,False,None,None,None,inventory
2026-07-18,Shop_C,シュー,regular,37,6,35,41,38,3,0,-1,1,0.9268,Low closing stock,False,False,Same-morning preparation,False,None,None,None,inventory
2026-07-18,Shop_C,パール,regular,14,0,16,16,12,4,0,2,2,0.75,Low closing stock,False,False,Same-morning preparation,False,None,None,None,inventory
2026-07-18,Shop_C,プリン,regular,13,0,15,15,12,3,0,1,1,0.8,Low closing stock,False,False,Same-morning preparation,False,None,None,None,inventory
2026-07-18,Shop_C,リッチエクレア,regular,8,0,9,9,9,0,0,-1,1,1.0,Sold out,True,False,Same-morning preparation,False,None,None,None,inventory
2026-07-18,Shop_C,リッチシュー,regular,20,1,21,22,22,0,0,-2,2,1.0,Sold out,True,False,Same-morning preparation,False,None,None,None,inventory
2026-07-18,Shop_C,季節シュー,seasonal,15,2,15,17,14,3,0,1,1,0.8235,Low closing stock,False,False,Same-morning preparation,False,None,None,None,inventory
2026-07-19,Shop_A,アップルパイ,regular,9,1,9,10,5,5,0,4,4,0.5,Low closing stock,False,False,Same-morning preparation,False,None,None,None,inventory
2026-07-19,Shop_A,エクレア,regular,14,4,12,16,11,5,0,3,3,0.6875,Low closing stock,False,False,Same-morning preparation,False,None,None,None,inventory
2026-07-19,Shop_A,シュー,regular,30,0,34,34,27,7,0,3,3,0.7941,Stock remaining,False,False,Same-morning preparation,False,None,None,None,inventory
2026-07-19,Shop_A,パール,regular,11,2,10,12,8,4,0,3,3,0.6667,Low closing stock,False,False,Same-morning preparation,False,None,None,None,inventory
2026-07-19,Shop_A,プリン,regular,13,4,11,15,12,3,0,1,1,0.8,Low closing stock,False,False,Same-morning preparation,False,None,None,None,inventory
2026-07-19,Shop_A,リッチエクレア,regular,9,2,8,10,6,4,0,3,3,0.6,Low closing stock,False,False,Same-morning preparation,False,None,None,None,inventory
2026-07-19,Shop_A,リッチシュー,regular,12,7,6,13,13,0,0,-1,1,1.0,Sold out,True,False,Same-morning preparation,False,None,None,None,inventory
2026-07-19,Shop_A,季節シュー,seasonal,12,0,13,13,9,4,0,3,3,0.6923,Low closing stock,False,False,Same-morning preparation,False,None,None,None,inventory
2026-07-19,Shop_B,アップルパイ,regular,6,1,6,7,6,1,0,0,0,0.8571,Low closing stock,False,False,Same-morning preparation,False,None,None,None,inventory
2026-07-19,Shop_B,エクレア,regular,12,2,11,13,11,2,0,1,1,0.8462,Low closing stock,False,False,Same-morning preparation,False,None,None,None,inventory
2026-07-19,Shop_B,シュー,regular,26,6,23,29,27,2,0,-1,1,0.931,Low closing stock,False,False,Same-morning preparation,False,None,None,None,inventory
2026-07-19,Shop_B,パール,regular,9,3,7,10,10,0,0,-1,1,1.0,Sold out,True,False,Same-morning preparation,False,None,None,None,inventory
2026-07-19,Shop_B,プリン,regular,13,4,11,15,8,7,0,5,5,0.5333,Stock remaining,False,False,Same-morning preparation,False,None,None,None,inventory
2026-07-19,Shop_B,リッチエクレア,regular,8,1,8,9,9,0,0,-1,1,1.0,Sold out,True,False,Same-morning preparation,False,None,None,None,inventory
2026-07-19,Shop_B,リッチシュー,regular,13,10,5,15,15,0,0,-2,2,1.0,Sold out,True,False,Same-morning preparation,False,None,None,None,inventory
2026-07-19,Shop_B,季節シュー,seasonal,12,2,11,13,10,3,0,2,2,0.7692,Low closing stock,False,False,Same-morning preparation,False,None,None,None,inventory
2026-07-19,Shop_C,アップルパイ,regular,6,0,7,7,7,0,0,-1,1,1.0,Sold out,True,False,Same-morning preparation,False,None,None,None,inventory
2026-07-19,Shop_C,エクレア,regular,14,0,16,16,16,0,0,-2,2,1.0,Sold out,True,False,Same-morning preparation,False,None,None,None,inventory
2026-07-19,Shop_C,シュー,regular,36,3,37,40,36,4,0,0,0,0.9,Low closing stock,False,False,Same-morning preparation,False,None,None,None,inventory
2026-07-19,Shop_C,パール,regular,11,4,8,12,12,0,0,-1,1,1.0,Sold out,True,False,Same-morning preparation,False,None,None,None,inventory
2026-07-19,Shop_C,プリン,regular,12,3,10,13,13,0,0,-1,1,1.0,Sold out,True,False,Same-morning preparation,False,None,None,None,inventory
2026-07-19,Shop_C,リッチエクレア,regular,12,0,13,13,12,1,0,0,0,0.9231,Low closing stock,False,False,Same-morning preparation,False,None,None,None,inventory
2026-07-19,Shop_C,リッチシュー,regular,18,0,20,20,19,1,0,-1,1,0.95,Low closing stock,False,False,Same-morning preparation,False,None,None,None,inventory
2026-07-19,Shop_C,季節シュー,seasonal,14,3,13,16,16,0,0,-2,2,1.0,Sold out,True,False,Same-morning preparation,False,None,None,None,inventory
2026-07-20,Shop_A,アップルパイ,regular,8,5,4,9,5,4,0,3,3,0.5556,Low closing stock,False,False,Same-morning preparation,False,None,None,None,inventory
2026-07-20,Shop_A,エクレア,regular,11,5,7,11,11,0,1,0,0,1.0,Sold out,True,True,Same-morning preparation,False,None,None,None,inventory
2026-07-20,Shop_A,シュー,regular,26,7,22,29,25,4,0,1,1,0.8621,Low closing stock,False,False,Same-morning preparation,False,None,None,None,inventory
2026-07-20,Shop_A,パール,regular,10,4,7,11,9,2,0,1,1,0.8182,Low closing stock,False,False,Same-morning preparation,False,None,None,None,inventory
2026-07-20,Shop_A,プリン,regular,9,3,7,10,10,0,0,-1,1,1.0,Sold out,True,False,Same-morning preparation,False,None,None,None,inventory
2026-07-20,Shop_A,リッチエクレア,regular,10,4,7,11,8,3,0,2,2,0.7273,Low closing stock,False,False,Same-morning preparation,False,None,None,None,inventory
2026-07-20,Shop_A,リッチシュー,regular,14,0,16,16,15,1,0,-1,1,0.9375,Low closing stock,False,False,Same-morning preparation,False,None,None,None,inventory
2026-07-20,Shop_A,季節シュー,seasonal,9,4,6,10,8,2,0,1,1,0.8,Low closing stock,False,False,Same-morning preparation,False,None,None,None,inventory
2026-07-20,Shop_B,アップルパイ,regular,3,1,3,4,3,1,0,0,0,0.75,Low closing stock,False,False,Same-morning preparation,False,None,None,None,inventory
2026-07-20,Shop_B,エクレア,regular,8,2,7,9,9,0,0,-1,1,1.0,Sold out,True,False,Same-morning preparation,False,None,None,None,inventory
2026-07-20,Shop_B,シュー,regular,24,2,25,27,22,5,0,2,2,0.8148,Low closing stock,False,False,Same-morning preparation,False,None,None,None,inventory
2026-07-20,Shop_B,パール,regular,7,0,8,8,7,1,0,0,0,0.875,Low closing stock,False,False,Same-morning preparation,False,None,None,None,inventory
2026-07-20,Shop_B,プリン,regular,5,7,0,7,7,0,0,-2,2,1.0,Sold out,True,False,Same-morning preparation,False,None,None,None,inventory
2026-07-20,Shop_B,リッチエクレア,regular,8,0,9,9,4,5,0,4,4,0.4444,Low closing stock,False,False,Same-morning preparation,False,None,None,None,inventory
2026-07-20,Shop_B,リッチシュー,regular,12,0,13,13,12,1,0,0,0,0.9231,Low closing stock,False,False,Same-morning preparation,False,None,None,None,inventory
2026-07-20,Shop_B,季節シュー,seasonal,11,3,9,12,8,4,0,3,3,0.6667,Low closing stock,False,False,Same-morning preparation,False,None,None,None,inventory
2026-07-20,Shop_C,アップルパイ,regular,5,0,6,6,6,0,0,-1,1,1.0,Sold out,True,False,Same-morning preparation,False,None,None,None,inventory
2026-07-20,Shop_C,エクレア,regular,17,0,19,19,16,3,0,1,1,0.8421,Low closing stock,False,False,Same-morning preparation,False,None,None,None,inventory
2026-07-20,Shop_C,シュー,regular,32,4,32,36,31,5,0,1,1,0.8611,Low closing stock,False,False,Same-morning preparation,False,None,None,None,inventory
2026-07-20,Shop_C,パール,regular,8,0,9,9,9,0,0,-1,1,1.0,Sold out,True,False,Same-morning preparation,False,None,None,None,inventory
2026-07-20,Shop_C,プリン,regular,11,0,12,12,8,4,0,3,3,0.6667,Low closing stock,False,False,Same-morning preparation,False,None,None,None,inventory
2026-07-20,Shop_C,リッチエクレア,regular,6,1,6,7,7,0,0,-1,1,1.0,Sold out,True,False,Same-morning preparation,False,None,None,None,inventory
2026-07-20,Shop_C,リッチシュー,regular,19,1,20,21,14,7,0,5,5,0.6667,Stock remaining,False,False,Same-morning preparation,False,None,None,None,inventory
2026-07-20,Shop_C,季節シュー,seasonal,10,0,11,11,10,1,0,0,0,0.9091,Low closing stock,False,False,Same-morning preparation,False,None,None,None,inventory
2026-07-21,Shop_A,アップルパイ,regular,6,4,3,7,4,3,0,2,2,0.5714,Low closing stock,False,False,Same-morning preparation,False,None,None,None,inventory
2026-07-21,Shop_A,エクレア,regular,12,0,13,13,12,1,0,0,0,0.9231,Low closing stock,False,False,Same-morning preparation,False,None,None,None,inventory
2026-07-21,Shop_A,シュー,regular,25,4,24,28,22,6,0,3,3,0.7857,Stock remaining,False,False,Same-morning preparation,False,None,None,None,inventory
2026-07-21,Shop_A,パール,regular,11,2,10,12,10,2,0,1,1,0.8333,Low closing stock,False,False,Same-morning preparation,False,None,None,None,inventory
2026-07-21,Shop_A,プリン,regular,9,0,10,10,9,1,0,0,0,0.9,Low closing stock,False,False,Same-morning preparation,False,None,None,None,inventory
2026-07-21,Shop_A,リッチエクレア,regular,8,3,6,9,7,2,0,1,1,0.7778,Low closing stock,False,False,Same-morning preparation,False,None,None,None,inventory
2026-07-21,Shop_A,リッチシュー,regular,11,1,11,12,12,0,0,-1,1,1.0,Sold out,True,False,Same-morning preparation,False,None,None,None,inventory
2026-07-21,Shop_A,季節シュー,seasonal,12,2,11,13,10,3,0,2,2,0.7692,Low closing stock,False,False,Same-morning preparation,False,None,None,None,inventory
2026-07-21,Shop_B,アップルパイ,regular,3,1,3,4,4,0,0,-1,1,1.0,Sold out,True,False,Same-morning preparation,False,None,None,None,inventory
2026-07-21,Shop_B,エクレア,regular,8,0,9,9,7,2,0,1,1,0.7778,Low closing stock,False,False,Same-morning preparation,False,None,None,None,inventory
2026-07-21,Shop_B,シュー,regular,20,5,17,22,22,0,0,-2,2,1.0,Sold out,True,False,Same-morning preparation,False,None,None,None,inventory
2026-07-21,Shop_B,パール,regular,6,1,6,7,7,0,0,-1,1,1.0,Sold out,True,False,Same-morning preparation,False,None,None,None,inventory
2026-07-21,Shop_B,プリン,regular,11,0,12,12,10,2,0,1,1,0.8333,Low closing stock,False,False,Same-morning preparation,False,None,None,None,inventory
2026-07-21,Shop_B,リッチエクレア,regular,5,5,1,6,5,1,0,0,0,0.8333,Low closing stock,False,False,Same-morning preparation,False,None,None,None,inventory
2026-07-21,Shop_B,リッチシュー,regular,13,1,14,15,14,1,0,-1,1,0.9333,Low closing stock,False,False,Same-morning preparation,False,None,None,None,inventory
2026-07-21,Shop_B,季節シュー,seasonal,7,4,4,8,8,0,0,-1,1,1.0,Sold out,True,False,Same-morning preparation,False,None,None,None,inventory
2026-07-21,Shop_C,アップルパイ,regular,5,0,6,6,6,0,0,-1,1,1.0,Sold out,True,False,Same-morning preparation,False,None,None,None,inventory
2026-07-21,Shop_C,エクレア,regular,15,3,14,17,11,6,0,4,4,0.6471,Stock remaining,False,False,Same-morning preparation,False,None,None,None,inventory
2026-07-21,Shop_C,シュー,regular,32,5,31,36,33,3,0,-1,1,0.9167,Low closing stock,False,False,Same-morning preparation,False,None,None,None,inventory
2026-07-21,Shop_C,パール,regular,9,0,10,10,10,0,0,-1,1,1.0,Sold out,True,False,Same-morning preparation,False,None,None,None,inventory
2026-07-21,Shop_C,プリン,regular,10,4,7,11,9,2,0,1,1,0.8182,Low closing stock,False,False,Same-morning preparation,False,None,None,None,inventory
2026-07-21,Shop_C,リッチエクレア,regular,6,0,7,7,7,0,0,-1,1,1.0,Sold out,True,False,Same-morning preparation,False,None,None,None,inventory
2026-07-21,Shop_C,リッチシュー,regular,14,7,9,16,13,3,0,1,1,0.8125,Low closing stock,False,False,Same-morning preparation,False,None,None,None,inventory
2026-07-21,Shop_C,季節シュー,seasonal,12,1,12,13,13,0,0,-1,1,1.0,Sold out,True,False,Same-morning preparation,False,None,None,None,inventory
2026-07-22,Shop_A,アップルパイ,regular,6,3,4,7,5,2,0,1,1,0.7143,Low closing stock,False,False,Same-morning preparation,False,None,None,None,inventory
2026-07-22,Shop_A,エクレア,regular,11,1,11,12,9,3,0,2,2,0.75,Low closing stock,False,False,Same-morning preparation,False,None,None,None,inventory
2026-07-22,Shop_A,シュー,regular,24,6,21,27,24,3,0,0,0,0.8889,Low closing stock,False,False,Same-morning preparation,False,None,None,None,inventory
2026-07-22,Shop_A,パール,regular,13,2,13,15,7,8,0,6,6,0.4667,Stock remaining,False,False,Same-morning preparation,False,None,None,None,inventory
2026-07-22,Shop_A,プリン,regular,8,1,8,9,9,0,0,-1,1,1.0,Sold out,True,False,Same-morning preparation,False,None,None,None,inventory
2026-07-22,Shop_A,リッチエクレア,regular,10,2,9,11,10,1,0,0,0,0.9091,Low closing stock,False,False,Same-morning preparation,False,None,None,None,inventory
2026-07-22,Shop_A,リッチシュー,regular,14,0,16,16,15,1,0,-1,1,0.9375,Low closing stock,False,False,Same-morning preparation,False,None,None,None,inventory
2026-07-22,Shop_A,季節シュー,seasonal,9,3,7,10,9,1,0,0,0,0.9,Low closing stock,False,False,Same-morning preparation,False,None,None,None,inventory
2026-07-22,Shop_B,アップルパイ,regular,6,0,7,7,2,5,0,4,4,0.2857,Low closing stock,False,False,Same-morning preparation,False,None,None,None,inventory
2026-07-22,Shop_B,エクレア,regular,11,2,10,12,10,2,0,1,1,0.8333,Low closing stock,False,False,Same-morning preparation,False,None,None,None,inventory
2026-07-22,Shop_B,シュー,regular,20,0,22,22,21,1,0,-1,1,0.9545,Low closing stock,False,False,Same-morning preparation,False,None,None,None,inventory
2026-07-22,Shop_B,パール,regular,7,0,8,8,6,2,0,1,1,0.75,Low closing stock,False,False,Same-morning preparation,False,None,None,None,inventory
2026-07-22,Shop_B,プリン,regular,8,2,7,8,4,4,1,4,4,0.5,Low closing stock,False,True,Same-morning preparation,False,None,None,None,inventory
2026-07-22,Shop_B,リッチエクレア,regular,4,1,4,5,5,0,0,-1,1,1.0,Sold out,True,False,Same-morning preparation,False,None,None,None,inventory
2026-07-22,Shop_B,リッチシュー,regular,12,1,12,13,11,2,0,1,1,0.8462,Low closing stock,False,False,Same-morning preparation,False,None,None,None,inventory
2026-07-22,Shop_B,季節シュー,seasonal,8,0,9,9,5,4,0,3,3,0.5556,Low closing stock,False,False,Same-morning preparation,False,None,None,None,inventory
2026-07-22,Shop_C,アップルパイ,regular,7,0,8,8,4,4,0,3,3,0.5,Low closing stock,False,False,Same-morning preparation,False,None,None,None,inventory
2026-07-22,Shop_C,エクレア,regular,15,6,11,17,16,1,0,-1,1,0.9412,Low closing stock,False,False,Same-morning preparation,False,None,None,None,inventory
2026-07-22,Shop_C,シュー,regular,31,3,32,35,28,7,0,3,3,0.8,Stock remaining,False,False,Same-morning preparation,False,None,None,None,inventory
2026-07-22,Shop_C,パール,regular,11,0,12,12,6,6,0,5,5,0.5,Stock remaining,False,False,Same-morning preparation,False,None,None,None,inventory
2026-07-22,Shop_C,プリン,regular,12,2,11,13,9,4,0,3,3,0.6923,Low closing stock,False,False,Same-morning preparation,False,None,None,None,inventory
2026-07-22,Shop_C,リッチエクレア,regular,7,0,8,8,5,3,0,2,2,0.625,Low closing stock,False,False,Same-morning preparation,False,None,None,None,inventory
2026-07-22,Shop_C,リッチシュー,regular,15,3,14,17,17,0,0,-2,2,1.0,Sold out,True,False,Same-morning preparation,False,None,None,None,inventory
2026-07-22,Shop_C,季節シュー,seasonal,12,0,13,13,10,3,0,2,2,0.7692,Low closing stock,False,False,Same-morning preparation,False,None,None,None,inventory
2026-07-23,Shop_A,アップルパイ,regular,8,2,7,9,7,2,0,1,1,0.7778,Low closing stock,False,False,Same-morning preparation,False,None,None,None,inventory
2026-07-23,Shop_A,エクレア,regular,11,3,9,12,9,3,0,2,2,0.75,Low closing stock,False,False,Same-morning preparation,False,None,None,None,inventory
2026-07-23,Shop_A,シュー,regular,25,3,25,28,28,0,0,-3,3,1.0,Sold out,True,False,Same-morning preparation,False,None,None,None,inventory
2026-07-23,Shop_A,パール,regular,9,8,2,9,8,1,1,1,1,0.8889,Low closing stock,False,True,Same-morning preparation,False,None,None,None,inventory
2026-07-23,Shop_A,プリン,regular,7,0,8,8,8,0,0,-1,1,1.0,Sold out,True,False,Same-morning preparation,False,None,None,None,inventory
2026-07-23,Shop_A,リッチエクレア,regular,7,1,7,7,6,1,1,1,1,0.8571,Low closing stock,False,True,Same-morning preparation,False,None,None,None,inventory
2026-07-23,Shop_A,リッチシュー,regular,15,1,16,17,16,1,0,-1,1,0.9412,Low closing stock,False,False,Same-morning preparation,False,None,None,None,inventory
2026-07-23,Shop_A,季節シュー,seasonal,10,1,10,11,9,2,0,1,1,0.8182,Low closing stock,False,False,Same-morning preparation,False,None,None,None,inventory
2026-07-23,Shop_B,アップルパイ,regular,3,5,0,5,3,2,0,0,0,0.6,Low closing stock,False,False,Same-morning preparation,False,None,None,None,inventory
2026-07-23,Shop_B,エクレア,regular,11,2,10,12,10,2,0,1,1,0.8333,Low closing stock,False,False,Same-morning preparation,False,None,None,None,inventory
2026-07-23,Shop_B,シュー,regular,22,1,24,25,22,3,0,0,0,0.88,Low closing stock,False,False,Same-morning preparation,False,None,None,None,inventory
2026-07-23,Shop_B,パール,regular,7,2,6,8,7,1,0,0,0,0.875,Low closing stock,False,False,Same-morning preparation,False,None,None,None,inventory
2026-07-23,Shop_B,プリン,regular,10,4,7,11,8,3,0,2,2,0.7273,Low closing stock,False,False,Same-morning preparation,False,None,None,None,inventory
2026-07-23,Shop_B,リッチエクレア,regular,5,0,6,6,6,0,0,-1,1,1.0,Sold out,True,False,Same-morning preparation,False,None,None,None,inventory
2026-07-23,Shop_B,リッチシュー,regular,11,2,10,12,12,0,0,-1,1,1.0,Sold out,True,False,Same-morning preparation,False,None,None,None,inventory
2026-07-23,Shop_B,季節シュー,seasonal,9,4,6,10,7,3,0,2,2,0.7,Low closing stock,False,False,Same-morning preparation,False,None,None,None,inventory
2026-07-23,Shop_C,アップルパイ,regular,7,4,4,8,8,0,0,-1,1,1.0,Sold out,True,False,Same-morning preparation,False,None,None,None,inventory
2026-07-23,Shop_C,エクレア,regular,14,1,15,16,16,0,0,-2,2,1.0,Sold out,True,False,Same-morning preparation,False,None,None,None,inventory
2026-07-23,Shop_C,シュー,regular,30,7,27,34,32,2,0,-2,2,0.9412,Low closing stock,False,False,Same-morning preparation,False,None,None,None,inventory
2026-07-23,Shop_C,パール,regular,10,6,5,11,7,4,0,3,3,0.6364,Low closing stock,False,False,Same-morning preparation,False,None,None,None,inventory
2026-07-23,Shop_C,プリン,regular,11,4,8,12,12,0,0,-1,1,1.0,Sold out,True,False,Same-morning preparation,False,None,None,None,inventory
2026-07-23,Shop_C,リッチエクレア,regular,6,3,4,7,7,0,0,-1,1,1.0,Sold out,True,False,Same-morning preparation,False,None,None,None,inventory
2026-07-23,Shop_C,リッチシュー,regular,16,0,18,18,18,0,0,-2,2,1.0,Sold out,True,False,Same-morning preparation,False,None,None,None,inventory
2026-07-23,Shop_C,季節シュー,seasonal,12,3,10,13,9,4,0,3,3,0.6923,Low closing stock,False,False,Same-morning preparation,False,None,None,None,inventory
2026-07-24,Shop_A,アップルパイ,regular,7,2,6,8,6,2,0,1,1,0.75,Low closing stock,False,False,Same-morning preparation,False,None,None,None,inventory
2026-07-24,Shop_A,エクレア,regular,13,3,12,15,8,7,0,5,5,0.5333,Stock remaining,False,False,Same-morning preparation,False,None,None,None,inventory
2026-07-24,Shop_A,シュー,regular,26,0,29,29,29,0,0,-3,3,1.0,Sold out,True,False,Same-morning preparation,False,None,None,None,inventory
2026-07-24,Shop_A,パール,regular,7,1,7,8,8,0,0,-1,1,1.0,Sold out,True,False,Same-morning preparation,False,None,None,None,inventory
2026-07-24,Shop_A,プリン,regular,11,0,12,12,12,0,0,-1,1,1.0,Sold out,True,False,Same-morning preparation,False,None,None,None,inventory
2026-07-24,Shop_A,リッチエクレア,regular,9,1,9,10,8,2,0,1,1,0.8,Low closing stock,False,False,Same-morning preparation,False,None,None,None,inventory
2026-07-24,Shop_A,リッチシュー,regular,17,1,18,19,13,6,0,4,4,0.6842,Stock remaining,False,False,Same-morning preparation,False,None,None,None,inventory
2026-07-24,Shop_A,季節シュー,seasonal,12,2,11,13,11,2,0,1,1,0.8462,Low closing stock,False,False,Same-morning preparation,False,None,None,None,inventory
2026-07-24,Shop_B,アップルパイ,regular,7,2,6,8,6,2,0,1,1,0.75,Low closing stock,False,False,Same-morning preparation,False,None,None,None,inventory
2026-07-24,Shop_B,エクレア,regular,10,2,9,11,9,2,0,1,1,0.8182,Low closing stock,False,False,Same-morning preparation,False,None,None,None,inventory
2026-07-24,Shop_B,シュー,regular,25,3,25,28,20,8,0,5,5,0.7143,Stock remaining,False,False,Same-morning preparation,False,None,None,None,inventory
2026-07-24,Shop_B,パール,regular,8,1,8,9,4,5,0,4,4,0.4444,Low closing stock,False,False,Same-morning preparation,False,None,None,None,inventory
2026-07-24,Shop_B,プリン,regular,9,3,7,10,7,3,0,2,2,0.7,Low closing stock,False,False,Same-morning preparation,False,None,None,None,inventory
2026-07-24,Shop_B,リッチエクレア,regular,7,0,8,8,7,1,0,0,0,0.875,Low closing stock,False,False,Same-morning preparation,False,None,None,None,inventory
2026-07-24,Shop_B,リッチシュー,regular,14,0,16,16,11,5,0,3,3,0.6875,Low closing stock,False,False,Same-morning preparation,False,None,None,None,inventory
2026-07-24,Shop_B,季節シュー,seasonal,13,3,12,15,8,7,0,5,5,0.5333,Stock remaining,False,False,Same-morning preparation,False,None,None,None,inventory
2026-07-24,Shop_C,アップルパイ,regular,9,0,10,10,8,2,0,1,1,0.8,Low closing stock,False,False,Same-morning preparation,False,None,None,None,inventory
2026-07-24,Shop_C,エクレア,regular,13,0,15,15,13,2,0,0,0,0.8667,Low closing stock,False,False,Same-morning preparation,False,None,None,None,inventory
2026-07-24,Shop_C,シュー,regular,35,2,37,39,34,5,0,1,1,0.8718,Low closing stock,False,False,Same-morning preparation,False,None,None,None,inventory
2026-07-24,Shop_C,パール,regular,9,4,6,10,10,0,0,-1,1,1.0,Sold out,True,False,Same-morning preparation,False,None,None,None,inventory
2026-07-24,Shop_C,プリン,regular,12,0,13,13,12,1,0,0,0,0.9231,Low closing stock,False,False,Same-morning preparation,False,None,None,None,inventory
2026-07-24,Shop_C,リッチエクレア,regular,8,0,9,9,9,0,0,-1,1,1.0,Sold out,True,False,Same-morning preparation,False,None,None,None,inventory
2026-07-24,Shop_C,リッチシュー,regular,15,0,17,17,16,1,0,-1,1,0.9412,Low closing stock,False,False,Same-morning preparation,False,None,None,None,inventory
2026-07-24,Shop_C,季節シュー,seasonal,11,4,8,12,12,0,0,-1,1,1.0,Sold out,True,False,Same-morning preparation,False,None,None,None,inventory
2026-07-25,Shop_A,アップルパイ,regular,6,2,5,7,7,0,0,-1,1,1.0,Sold out,True,False,Same-morning preparation,False,None,None,None,inventory
2026-07-25,Shop_A,エクレア,regular,15,7,10,17,17,0,0,-2,2,1.0,Sold out,True,False,Same-morning preparation,False,None,None,None,inventory
2026-07-25,Shop_A,シュー,regular,37,0,41,41,34,7,0,3,3,0.8293,Stock remaining,False,False,Same-morning preparation,False,None,None,None,inventory
2026-07-25,Shop_A,パール,regular,10,0,11,11,11,0,0,-1,1,1.0,Sold out,True,False,Same-morning preparation,False,None,None,None,inventory
2026-07-25,Shop_A,プリン,regular,14,0,16,16,15,1,0,-1,1,0.9375,Low closing stock,False,False,Same-morning preparation,False,None,None,None,inventory
2026-07-25,Shop_A,リッチエクレア,regular,10,2,9,11,9,2,0,1,1,0.8182,Low closing stock,False,False,Same-morning preparation,False,None,None,None,inventory
2026-07-25,Shop_A,リッチシュー,regular,21,6,18,24,21,3,0,0,0,0.875,Low closing stock,False,False,Same-morning preparation,False,None,None,None,inventory
2026-07-25,Shop_A,季節シュー,seasonal,13,2,13,15,13,2,0,0,0,0.8667,Low closing stock,False,False,Same-morning preparation,False,None,None,None,inventory
2026-07-25,Shop_B,アップルパイ,regular,6,2,5,7,7,0,0,-1,1,1.0,Sold out,True,False,Same-morning preparation,False,None,None,None,inventory
2026-07-25,Shop_B,エクレア,regular,12,2,11,13,12,1,0,0,0,0.9231,Low closing stock,False,False,Same-morning preparation,False,None,None,None,inventory
2026-07-25,Shop_B,シュー,regular,30,8,26,34,27,7,0,3,3,0.7941,Stock remaining,False,False,Same-morning preparation,False,None,None,None,inventory
2026-07-25,Shop_B,パール,regular,9,5,5,10,10,0,0,-1,1,1.0,Sold out,True,False,Same-morning preparation,False,None,None,None,inventory
2026-07-25,Shop_B,プリン,regular,9,3,7,10,10,0,0,-1,1,1.0,Sold out,True,False,Same-morning preparation,False,None,None,None,inventory
2026-07-25,Shop_B,リッチエクレア,regular,8,1,8,9,9,0,0,-1,1,1.0,Sold out,True,False,Same-morning preparation,False,None,None,None,inventory
2026-07-25,Shop_B,リッチシュー,regular,15,5,12,17,16,1,0,-1,1,0.9412,Low closing stock,False,False,Same-morning preparation,False,None,None,None,inventory
2026-07-25,Shop_B,季節シュー,seasonal,11,7,5,12,10,2,0,1,1,0.8333,Low closing stock,False,False,Same-morning preparation,False,None,None,None,inventory
2026-07-25,Shop_C,アップルパイ,regular,10,2,9,11,10,1,0,0,0,0.9091,Low closing stock,False,False,Same-morning preparation,False,None,None,None,inventory
2026-07-25,Shop_C,エクレア,regular,18,2,18,20,15,5,0,3,3,0.75,Low closing stock,False,False,Same-morning preparation,False,None,None,None,inventory
2026-07-25,Shop_C,シュー,regular,42,5,42,47,38,9,0,4,4,0.8085,Stock remaining,False,False,Same-morning preparation,False,None,None,None,inventory
2026-07-25,Shop_C,パール,regular,15,0,17,17,11,6,0,4,4,0.6471,Stock remaining,False,False,Same-morning preparation,False,None,None,None,inventory
2026-07-25,Shop_C,プリン,regular,14,1,15,16,15,1,0,-1,1,0.9375,Low closing stock,False,False,Same-morning preparation,False,None,None,None,inventory
2026-07-25,Shop_C,リッチエクレア,regular,12,0,13,13,13,0,0,-1,1,1.0,Sold out,True,False,Same-morning preparation,False,None,None,None,inventory
2026-07-25,Shop_C,リッチシュー,regular,24,1,26,27,19,8,0,5,5,0.7037,Stock remaining,False,False,Same-morning preparation,False,None,None,None,inventory
2026-07-25,Shop_C,季節シュー,seasonal,16,0,18,18,12,6,0,4,4,0.6667,Stock remaining,False,False,Same-morning preparation,False,None,None,None,inventory
2026-07-26,Shop_A,アップルパイ,regular,7,0,8,8,8,0,0,-1,1,1.0,Sold out,True,False,Same-morning preparation,False,None,None,None,inventory
2026-07-26,Shop_A,エクレア,regular,17,0,19,19,14,5,0,3,3,0.7368,Low closing stock,False,False,Same-morning preparation,False,None,None,None,inventory
2026-07-26,Shop_A,シュー,regular,37,7,34,41,35,6,0,2,2,0.8537,Stock remaining,False,False,Same-morning preparation,False,None,None,None,inventory
2026-07-26,Shop_A,パール,regular,11,0,12,12,9,3,0,2,2,0.75,Low closing stock,False,False,Same-morning preparation,False,None,None,None,inventory
2026-07-26,Shop_A,プリン,regular,9,1,9,10,10,0,0,-1,1,1.0,Sold out,True,False,Same-morning preparation,False,None,None,None,inventory
2026-07-26,Shop_A,リッチエクレア,regular,8,2,7,9,9,0,0,-1,1,1.0,Sold out,True,False,Same-morning preparation,False,None,None,None,inventory
2026-07-26,Shop_A,リッチシュー,regular,18,3,17,20,19,1,0,-1,1,0.95,Low closing stock,False,False,Same-morning preparation,False,None,None,None,inventory
2026-07-26,Shop_A,季節シュー,seasonal,14,2,14,15,15,0,1,-1,1,1.0,Sold out,True,True,Same-morning preparation,False,None,None,None,inventory
2026-07-26,Shop_B,アップルパイ,regular,7,0,8,8,8,0,0,-1,1,1.0,Sold out,True,False,Same-morning preparation,False,None,None,None,inventory
2026-07-26,Shop_B,エクレア,regular,11,1,11,12,12,0,0,-1,1,1.0,Sold out,True,False,Same-morning preparation,False,None,None,None,inventory
2026-07-26,Shop_B,シュー,regular,27,7,23,30,29,1,0,-2,2,0.9667,Low closing stock,False,False,Same-morning preparation,False,None,None,None,inventory
2026-07-26,Shop_B,パール,regular,11,0,12,12,9,3,0,2,2,0.75,Low closing stock,False,False,Same-morning preparation,False,None,None,None,inventory
2026-07-26,Shop_B,プリン,regular,8,0,9,9,9,0,0,-1,1,1.0,Sold out,True,False,Same-morning preparation,False,None,None,None,inventory
2026-07-26,Shop_B,リッチエクレア,regular,9,0,10,10,7,3,0,2,2,0.7,Low closing stock,False,False,Same-morning preparation,False,None,None,None,inventory
2026-07-26,Shop_B,リッチシュー,regular,13,1,14,15,15,0,0,-2,2,1.0,Sold out,True,False,Same-morning preparation,False,None,None,None,inventory
2026-07-26,Shop_B,季節シュー,seasonal,13,2,13,15,10,5,0,3,3,0.6667,Low closing stock,False,False,Same-morning preparation,False,None,None,None,inventory
2026-07-26,Shop_C,アップルパイ,regular,11,1,11,12,9,3,0,2,2,0.75,Low closing stock,False,False,Same-morning preparation,False,None,None,None,inventory
2026-07-26,Shop_C,エクレア,regular,17,5,14,19,17,2,0,0,0,0.8947,Low closing stock,False,False,Same-morning preparation,False,None,None,None,inventory
2026-07-26,Shop_C,シュー,regular,43,9,39,48,42,6,0,1,1,0.875,Stock remaining,False,False,Same-morning preparation,False,None,None,None,inventory
2026-07-26,Shop_C,パール,regular,14,6,10,16,14,2,0,0,0,0.875,Low closing stock,False,False,Same-morning preparation,False,None,None,None,inventory
2026-07-26,Shop_C,プリン,regular,14,1,15,16,16,0,0,-2,2,1.0,Sold out,True,False,Same-morning preparation,False,None,None,None,inventory
2026-07-26,Shop_C,リッチエクレア,regular,11,0,12,12,12,0,0,-1,1,1.0,Sold out,True,False,Same-morning preparation,False,None,None,None,inventory
2026-07-26,Shop_C,リッチシュー,regular,21,8,16,24,21,3,0,0,0,0.875,Low closing stock,False,False,Same-morning preparation,False,None,None,None,inventory
2026-07-26,Shop_C,季節シュー,seasonal,14,6,10,16,11,5,0,3,3,0.6875,Low closing stock,False,False,Same-morning preparation,False,None,None,None,inventory
2026-07-27,Shop_A,アップルパイ,regular,11,0,12,12,8,4,0,3,3,0.6667,Low closing stock,False,False,Same-morning preparation,False,None,None,None,inventory
2026-07-27,Shop_A,エクレア,regular,11,5,7,12,12,0,0,-1,1,1.0,Sold out,True,False,Same-morning preparation,False,None,None,None,inventory
2026-07-27,Shop_A,シュー,regular,30,6,28,34,30,4,0,0,0,0.8824,Low closing stock,False,False,Same-morning preparation,False,None,None,None,inventory
2026-07-27,Shop_A,パール,regular,10,3,8,11,11,0,0,-1,1,1.0,Sold out,True,False,Same-morning preparation,False,None,None,None,inventory
2026-07-27,Shop_A,プリン,regular,12,0,13,13,9,4,0,3,3,0.6923,Low closing stock,False,False,Same-morning preparation,False,None,None,None,inventory
2026-07-27,Shop_A,リッチエクレア,regular,11,0,12,12,7,5,0,4,4,0.5833,Low closing stock,False,False,Same-morning preparation,False,None,None,None,inventory
2026-07-27,Shop_A,リッチシュー,regular,17,1,18,19,15,4,0,2,2,0.7895,Low closing stock,False,False,Same-morning preparation,False,None,None,None,inventory
2026-07-27,Shop_A,季節シュー,seasonal,10,0,11,11,8,3,0,2,2,0.7273,Low closing stock,False,False,Same-morning preparation,False,None,None,None,inventory
2026-07-27,Shop_B,アップルパイ,regular,4,0,5,5,5,0,0,-1,1,1.0,Sold out,True,False,Same-morning preparation,False,None,None,None,inventory
2026-07-27,Shop_B,エクレア,regular,12,0,13,13,10,3,0,2,2,0.7692,Low closing stock,False,False,Same-morning preparation,False,None,None,None,inventory
2026-07-27,Shop_B,シュー,regular,26,1,28,29,25,4,0,1,1,0.8621,Low closing stock,False,False,Same-morning preparation,False,None,None,None,inventory
2026-07-27,Shop_B,パール,regular,8,3,6,9,9,0,0,-1,1,1.0,Sold out,True,False,Same-morning preparation,False,None,None,None,inventory
2026-07-27,Shop_B,プリン,regular,8,0,9,9,8,1,0,0,0,0.8889,Low closing stock,False,False,Same-morning preparation,False,None,None,None,inventory
2026-07-27,Shop_B,リッチエクレア,regular,8,3,6,9,4,5,0,4,4,0.4444,Low closing stock,False,False,Same-morning preparation,False,None,None,None,inventory
2026-07-27,Shop_B,リッチシュー,regular,13,0,15,15,15,0,0,-2,2,1.0,Sold out,True,False,Same-morning preparation,False,None,None,None,inventory
2026-07-27,Shop_B,季節シュー,seasonal,12,5,8,13,11,2,0,1,1,0.8462,Low closing stock,False,False,Same-morning preparation,False,None,None,None,inventory
2026-07-27,Shop_C,アップルパイ,regular,9,3,7,10,9,1,0,0,0,0.9,Low closing stock,False,False,Same-morning preparation,False,None,None,None,inventory
2026-07-27,Shop_C,エクレア,regular,17,2,17,19,16,3,0,1,1,0.8421,Low closing stock,False,False,Same-morning preparation,False,None,None,None,inventory
2026-07-27,Shop_C,シュー,regular,35,6,33,38,35,3,1,0,0,0.9211,Low closing stock,False,True,Same-morning preparation,False,None,None,None,inventory
2026-07-27,Shop_C,パール,regular,12,2,11,13,13,0,0,-1,1,1.0,Sold out,True,False,Same-morning preparation,False,None,None,None,inventory
2026-07-27,Shop_C,プリン,regular,13,0,15,15,12,3,0,1,1,0.8,Low closing stock,False,False,Same-morning preparation,False,None,None,None,inventory
2026-07-27,Shop_C,リッチエクレア,regular,10,0,11,11,10,1,0,0,0,0.9091,Low closing stock,False,False,Same-morning preparation,False,None,None,None,inventory
2026-07-27,Shop_C,リッチシュー,regular,18,3,17,20,17,3,0,1,1,0.85,Low closing stock,False,False,Same-morning preparation,False,None,None,None,inventory
2026-07-27,Shop_C,季節シュー,seasonal,15,5,12,17,15,2,0,0,0,0.8824,Low closing stock,False,False,Same-morning preparation,False,None,None,None,inventory
2026-07-28,Shop_A,アップルパイ,regular,6,4,3,7,7,0,0,-1,1,1.0,Sold out,True,False,Same-morning preparation,False,None,None,None,inventory
2026-07-28,Shop_A,エクレア,regular,15,0,17,17,13,4,0,2,2,0.7647,Low closing stock,False,False,Same-morning preparation,False,None,None,None,inventory
2026-07-28,Shop_A,シュー,regular,30,4,30,34,29,5,0,1,1,0.8529,Low closing stock,False,False,Same-morning preparation,False,None,None,None,inventory
2026-07-28,Shop_A,パール,regular,9,0,10,10,9,1,0,0,0,0.9,Low closing stock,False,False,Same-morning preparation,False,None,None,None,inventory
2026-07-28,Shop_A,プリン,regular,11,4,8,12,11,1,0,0,0,0.9167,Low closing stock,False,False,Same-morning preparation,False,None,None,None,inventory
2026-07-28,Shop_A,リッチエクレア,regular,11,5,7,12,8,4,0,3,3,0.6667,Low closing stock,False,False,Same-morning preparation,False,None,None,None,inventory
2026-07-28,Shop_A,リッチシュー,regular,15,4,13,17,17,0,0,-2,2,1.0,Sold out,True,False,Same-morning preparation,False,None,None,None,inventory
2026-07-28,Shop_A,季節シュー,seasonal,12,3,10,13,13,0,0,-1,1,1.0,Sold out,True,False,Same-morning preparation,False,None,None,None,inventory
2026-07-28,Shop_B,アップルパイ,regular,8,0,9,9,6,3,0,2,2,0.6667,Low closing stock,False,False,Same-morning preparation,False,None,None,None,inventory
2026-07-28,Shop_B,エクレア,regular,11,3,9,12,10,2,0,1,1,0.8333,Low closing stock,False,False,Same-morning preparation,False,None,None,None,inventory
2026-07-28,Shop_B,シュー,regular,26,4,25,29,27,2,0,-1,1,0.931,Low closing stock,False,False,Same-morning preparation,False,None,None,None,inventory
2026-07-28,Shop_B,パール,regular,7,0,8,8,8,0,0,-1,1,1.0,Sold out,True,False,Same-morning preparation,False,None,None,None,inventory
2026-07-28,Shop_B,プリン,regular,9,1,9,10,7,3,0,2,2,0.7,Low closing stock,False,False,Same-morning preparation,False,None,None,None,inventory
2026-07-28,Shop_B,リッチエクレア,regular,8,5,4,9,5,4,0,3,3,0.5556,Low closing stock,False,False,Same-morning preparation,False,None,None,None,inventory
2026-07-28,Shop_B,リッチシュー,regular,14,0,16,16,13,3,0,1,1,0.8125,Low closing stock,False,False,Same-morning preparation,False,None,None,None,inventory
2026-07-28,Shop_B,季節シュー,seasonal,9,2,8,10,8,2,0,1,1,0.8,Low closing stock,False,False,Same-morning preparation,False,None,None,None,inventory
2026-07-28,Shop_C,アップルパイ,regular,9,1,9,10,8,2,0,1,1,0.8,Low closing stock,False,False,Same-morning preparation,False,None,None,None,inventory
2026-07-28,Shop_C,エクレア,regular,15,3,14,17,12,5,0,3,3,0.7059,Low closing stock,False,False,Same-morning preparation,False,None,None,None,inventory
2026-07-28,Shop_C,シュー,regular,36,3,37,40,33,7,0,3,3,0.825,Stock remaining,False,False,Same-morning preparation,False,None,None,None,inventory
2026-07-28,Shop_C,パール,regular,13,0,15,15,13,2,0,0,0,0.8667,Low closing stock,False,False,Same-morning preparation,False,None,None,None,inventory
2026-07-28,Shop_C,プリン,regular,11,3,9,12,12,0,0,-1,1,1.0,Sold out,True,False,Same-morning preparation,False,None,None,None,inventory
2026-07-28,Shop_C,リッチエクレア,regular,10,1,10,11,11,0,0,-1,1,1.0,Sold out,True,False,Same-morning preparation,False,None,None,None,inventory
2026-07-28,Shop_C,リッチシュー,regular,19,3,18,21,20,1,0,-1,1,0.9524,Low closing stock,False,False,Same-morning preparation,False,None,None,None,inventory
2026-07-28,Shop_C,季節シュー,seasonal,12,2,11,13,13,0,0,-1,1,1.0,Sold out,True,False,Same-morning preparation,False,None,None,None,inventory
2026-07-29,Shop_A,アップルパイ,regular,4,0,5,5,5,0,0,-1,1,1.0,Sold out,True,False,Same-morning preparation,False,None,None,None,inventory
2026-07-29,Shop_A,エクレア,regular,11,4,8,12,12,0,0,-1,1,1.0,Sold out,True,False,Same-morning preparation,False,None,None,None,inventory
2026-07-29,Shop_A,シュー,regular,30,5,29,34,30,4,0,0,0,0.8824,Low closing stock,False,False,Same-morning preparation,False,None,None,None,inventory
2026-07-29,Shop_A,パール,regular,9,1,9,10,10,0,0,-1,1,1.0,Sold out,True,False,Same-morning preparation,False,None,None,None,inventory
2026-07-29,Shop_A,プリン,regular,12,1,12,13,13,0,0,-1,1,1.0,Sold out,True,False,Same-morning preparation,False,None,None,None,inventory
2026-07-29,Shop_A,リッチエクレア,regular,9,4,6,10,9,1,0,0,0,0.9,Low closing stock,False,False,Same-morning preparation,False,None,None,None,inventory
2026-07-29,Shop_A,リッチシュー,regular,14,0,16,16,15,1,0,-1,1,0.9375,Low closing stock,False,False,Same-morning preparation,False,None,None,None,inventory
2026-07-29,Shop_A,季節シュー,seasonal,12,0,13,13,12,1,0,0,0,0.9231,Low closing stock,False,False,Same-morning preparation,False,None,None,None,inventory
2026-07-29,Shop_B,アップルパイ,regular,3,3,1,4,4,0,0,-1,1,1.0,Sold out,True,False,Same-morning preparation,False,None,None,None,inventory
2026-07-29,Shop_B,エクレア,regular,12,2,11,13,8,5,0,4,4,0.6154,Low closing stock,False,False,Same-morning preparation,False,None,None,None,inventory
2026-07-29,Shop_B,シュー,regular,23,2,24,26,25,1,0,-2,2,0.9615,Low closing stock,False,False,Same-morning preparation,False,None,None,None,inventory
2026-07-29,Shop_B,パール,regular,9,0,10,10,7,3,0,2,2,0.7,Low closing stock,False,False,Same-morning preparation,False,None,None,None,inventory
2026-07-29,Shop_B,プリン,regular,10,3,8,11,11,0,0,-1,1,1.0,Sold out,True,False,Same-morning preparation,False,None,None,None,inventory
2026-07-29,Shop_B,リッチエクレア,regular,7,4,4,8,4,4,0,3,3,0.5,Low closing stock,False,False,Same-morning preparation,False,None,None,None,inventory
2026-07-29,Shop_B,リッチシュー,regular,15,3,14,17,15,2,0,0,0,0.8824,Low closing stock,False,False,Same-morning preparation,False,None,None,None,inventory
2026-07-29,Shop_B,季節シュー,seasonal,8,2,7,9,8,1,0,0,0,0.8889,Low closing stock,False,False,Same-morning preparation,False,None,None,None,inventory
2026-07-29,Shop_C,アップルパイ,regular,8,2,7,9,9,0,0,-1,1,1.0,Sold out,True,False,Same-morning preparation,False,None,None,None,inventory
2026-07-29,Shop_C,エクレア,regular,15,5,12,17,16,1,0,-1,1,0.9412,Low closing stock,False,False,Same-morning preparation,False,None,None,None,inventory
2026-07-29,Shop_C,シュー,regular,33,7,30,37,35,2,0,-2,2,0.9459,Low closing stock,False,False,Same-morning preparation,False,None,None,None,inventory
2026-07-29,Shop_C,パール,regular,12,2,11,13,13,0,0,-1,1,1.0,Sold out,True,False,Same-morning preparation,False,None,None,None,inventory
2026-07-29,Shop_C,プリン,regular,13,0,15,15,14,1,0,-1,1,0.9333,Low closing stock,False,False,Same-morning preparation,False,None,None,None,inventory
2026-07-29,Shop_C,リッチエクレア,regular,8,0,9,9,9,0,0,-1,1,1.0,Sold out,True,False,Same-morning preparation,False,None,None,None,inventory
2026-07-29,Shop_C,リッチシュー,regular,18,1,19,20,15,5,0,3,3,0.75,Low closing stock,False,False,Same-morning preparation,False,None,None,None,inventory
2026-07-29,Shop_C,季節シュー,seasonal,10,0,11,11,10,1,0,0,0,0.9091,Low closing stock,False,False,Same-morning preparation,False,None,None,None,inventory
2026-07-30,Shop_A,アップルパイ,regular,7,0,8,8,8,0,0,-1,1,1.0,Sold out,True,False,Same-morning preparation,False,None,None,None,inventory
2026-07-30,Shop_A,エクレア,regular,12,0,13,13,13,0,0,-1,1,1.0,Sold out,True,False,Same-morning preparation,False,None,None,None,inventory
2026-07-30,Shop_A,シュー,regular,29,4,28,32,29,3,0,0,0,0.9062,Low closing stock,False,False,Same-morning preparation,False,None,None,None,inventory
2026-07-30,Shop_A,パール,regular,7,0,8,8,8,0,0,-1,1,1.0,Sold out,True,False,Same-morning preparation,False,None,None,None,inventory
2026-07-30,Shop_A,プリン,regular,10,0,11,11,7,4,0,3,3,0.6364,Low closing stock,False,False,Same-morning preparation,False,None,None,None,inventory
2026-07-30,Shop_A,リッチエクレア,regular,8,1,8,9,5,4,0,3,3,0.5556,Low closing stock,False,False,Same-morning preparation,False,None,None,None,inventory
2026-07-30,Shop_A,リッチシュー,regular,17,1,18,19,14,5,0,3,3,0.7368,Low closing stock,False,False,Same-morning preparation,False,None,None,None,inventory
2026-07-30,Shop_A,季節シュー,seasonal,11,1,11,12,11,1,0,0,0,0.9167,Low closing stock,False,False,Same-morning preparation,False,None,None,None,inventory
2026-07-30,Shop_B,アップルパイ,regular,5,0,6,6,6,0,0,-1,1,1.0,Sold out,True,False,Same-morning preparation,False,None,None,None,inventory
2026-07-30,Shop_B,エクレア,regular,9,5,5,9,9,0,1,0,0,1.0,Sold out,True,True,Same-morning preparation,False,None,None,None,inventory
2026-07-30,Shop_B,シュー,regular,25,1,27,28,19,9,0,6,6,0.6786,Stock remaining,False,False,Same-morning preparation,False,None,None,None,inventory
2026-07-30,Shop_B,パール,regular,4,3,2,5,5,0,0,-1,1,1.0,Sold out,True,False,Same-morning preparation,False,None,None,None,inventory
2026-07-30,Shop_B,プリン,regular,9,0,10,10,10,0,0,-1,1,1.0,Sold out,True,False,Same-morning preparation,False,None,None,None,inventory
2026-07-30,Shop_B,リッチエクレア,regular,8,4,5,9,5,4,0,3,3,0.5556,Low closing stock,False,False,Same-morning preparation,False,None,None,None,inventory
2026-07-30,Shop_B,リッチシュー,regular,14,2,14,16,13,3,0,1,1,0.8125,Low closing stock,False,False,Same-morning preparation,False,None,None,None,inventory
2026-07-30,Shop_B,季節シュー,seasonal,8,1,8,9,9,0,0,-1,1,1.0,Sold out,True,False,Same-morning preparation,False,None,None,None,inventory
2026-07-30,Shop_C,アップルパイ,regular,9,0,10,10,7,3,0,2,2,0.7,Low closing stock,False,False,Same-morning preparation,False,None,None,None,inventory
2026-07-30,Shop_C,エクレア,regular,12,1,12,13,13,0,0,-1,1,1.0,Sold out,True,False,Same-morning preparation,False,None,None,None,inventory
2026-07-30,Shop_C,シュー,regular,33,2,35,37,34,3,0,-1,1,0.9189,Low closing stock,False,False,Same-morning preparation,False,None,None,None,inventory
2026-07-30,Shop_C,パール,regular,11,0,12,12,11,1,0,0,0,0.9167,Low closing stock,False,False,Same-morning preparation,False,None,None,None,inventory
2026-07-30,Shop_C,プリン,regular,11,1,11,12,12,0,0,-1,1,1.0,Sold out,True,False,Same-morning preparation,False,None,None,None,inventory
2026-07-30,Shop_C,リッチエクレア,regular,10,0,11,11,11,0,0,-1,1,1.0,Sold out,True,False,Same-morning preparation,False,None,None,None,inventory
2026-07-30,Shop_C,リッチシュー,regular,16,5,13,18,18,0,0,-2,2,1.0,Sold out,True,False,Same-morning preparation,False,None,None,None,inventory
2026-07-30,Shop_C,季節シュー,seasonal,14,1,15,16,13,3,0,1,1,0.8125,Low closing stock,False,False,Same-morning preparation,False,None,None,None,inventory
2026-07-31,Shop_A,アップルパイ,regular,7,0,8,8,2,6,0,5,5,0.25,Stock remaining,False,False,Same-morning preparation,False,None,None,None,inventory
2026-07-31,Shop_A,エクレア,regular,11,0,12,12,12,0,0,-1,1,1.0,Sold out,True,False,Same-morning preparation,False,None,None,None,inventory
2026-07-31,Shop_A,シュー,regular,27,3,27,30,28,2,0,-1,1,0.9333,Low closing stock,False,False,Same-morning preparation,False,None,None,None,inventory
2026-07-31,Shop_A,パール,regular,10,0,11,11,11,0,0,-1,1,1.0,Sold out,True,False,Same-morning preparation,False,None,None,None,inventory
2026-07-31,Shop_A,プリン,regular,11,4,8,12,9,3,0,2,2,0.75,Low closing stock,False,False,Same-morning preparation,False,None,None,None,inventory
2026-07-31,Shop_A,リッチエクレア,regular,9,4,6,10,7,3,0,2,2,0.7,Low closing stock,False,False,Same-morning preparation,False,None,None,None,inventory
2026-07-31,Shop_A,リッチシュー,regular,12,5,8,13,13,0,0,-1,1,1.0,Sold out,True,False,Same-morning preparation,False,None,None,None,inventory
2026-07-31,Shop_A,季節シュー,seasonal,11,1,11,12,9,3,0,2,2,0.75,Low closing stock,False,False,Same-morning preparation,False,None,None,None,inventory
2026-07-31,Shop_B,アップルパイ,regular,4,0,5,5,5,0,0,-1,1,1.0,Sold out,True,False,Same-morning preparation,False,None,None,None,inventory
2026-07-31,Shop_B,エクレア,regular,7,0,8,8,7,1,0,0,0,0.875,Low closing stock,False,False,Same-morning preparation,False,None,None,None,inventory
2026-07-31,Shop_B,シュー,regular,22,9,16,25,23,2,0,-1,1,0.92,Low closing stock,False,False,Same-morning preparation,False,None,None,None,inventory
2026-07-31,Shop_B,パール,regular,7,0,8,8,8,0,0,-1,1,1.0,Sold out,True,False,Same-morning preparation,False,None,None,None,inventory
2026-07-31,Shop_B,プリン,regular,9,0,10,10,10,0,0,-1,1,1.0,Sold out,True,False,Same-morning preparation,False,None,None,None,inventory
2026-07-31,Shop_B,リッチエクレア,regular,7,4,4,8,6,2,0,1,1,0.75,Low closing stock,False,False,Same-morning preparation,False,None,None,None,inventory
2026-07-31,Shop_B,リッチシュー,regular,12,3,10,13,11,2,0,1,1,0.8462,Low closing stock,False,False,Same-morning preparation,False,None,None,None,inventory
2026-07-31,Shop_B,季節シュー,seasonal,9,0,10,10,8,2,0,1,1,0.8,Low closing stock,False,False,Same-morning preparation,False,None,None,None,inventory
2026-07-31,Shop_C,アップルパイ,regular,11,3,9,12,6,6,0,5,5,0.5,Stock remaining,False,False,Same-morning preparation,False,None,None,None,inventory
2026-07-31,Shop_C,エクレア,regular,14,0,16,16,12,4,0,2,2,0.75,Low closing stock,False,False,Same-morning preparation,False,None,None,None,inventory
2026-07-31,Shop_C,シュー,regular,31,3,32,35,32,3,0,-1,1,0.9143,Low closing stock,False,False,Same-morning preparation,False,None,None,None,inventory
2026-07-31,Shop_C,パール,regular,7,1,7,8,8,0,0,-1,1,1.0,Sold out,True,False,Same-morning preparation,False,None,None,None,inventory
2026-07-31,Shop_C,プリン,regular,13,0,15,15,11,4,0,2,2,0.7333,Low closing stock,False,False,Same-morning preparation,False,None,None,None,inventory
2026-07-31,Shop_C,リッチエクレア,regular,8,0,9,9,8,1,0,0,0,0.8889,Low closing stock,False,False,Same-morning preparation,False,None,None,None,inventory
2026-07-31,Shop_C,リッチシュー,regular,17,0,19,19,15,4,0,2,2,0.7895,Low closing stock,False,False,Same-morning preparation,False,None,None,None,inventory
2026-07-31,Shop_C,季節シュー,seasonal,11,3,9,12,10,2,0,1,1,0.8333,Low closing stock,False,False,Same-morning preparation,False,None,None,None,inventory
